X,Y,Z,sigma_x,sigma_y,sigma_z,u
0,0,-1,7253837.01185492,20923375.80483,6334022.09655527,0
0,0.400000005960464,-1,-259118.405996533,757150.157611979,-68742.2413321936,0.000178454343166315
0.000443277152953669,0,-0.993898570537567,7949927.87174116,22569871.1635855,6928557.24122123,0
0.000443277152953669,0.400000005960464,-0.993898570537567,-263066.528750165,829262.407361985,-114920.436819893,0.000178357730684294
0.00307089020498097,0,-0.988137423992157,6300718.60533691,21340501.1174454,5088597.80617192,0
0.00307089020498097,0.400000005960464,-0.988137423992157,-277767.432515028,771538.132321856,-101619.588055555,0.000177958858106991
0.00790064688771963,0,-0.98293274641037,5422587.32530671,19402510.5970742,4715648.4493463,0
0.00790064688771963,0.400000005960464,-0.98293274641037,-317089.879711094,727208.241068943,-99137.5865770252,0.000177296704452761
0.0148565638810396,0,-0.978577494621277,5031345.08786018,16561342.2328271,5821635.9318553,0
0.0148565638810396,0.400000005960464,-0.978577494621277,-491291.337499821,485572.347169984,-89422.0322220371,0.000176435357043027
0.0237561129033566,0,-0.975380003452301,3073928.50706625,11361812.7974076,3967139.45740614,0
0.0237561129033566,0.400000005960464,-0.975380003452301,-480094.72151205,294315.833350896,-43283.6329772725,0.000175509983445163
0.140868082642555,0,-1.00378179550171,-5749709.32047824,-24069457.9456971,-5225243.1575587,0
0.140868082642555,0.400000005960464,-1.00378179550171,323094.521935047,-620139.702170218,30604.5990937393,0.000180120320146999
0.141052976250648,0,-0.99578320980072,-8602429.27581638,-26612514.5979453,-8688332.40121327,0
0.141052976250648,0.400000005960464,-0.99578320980072,210750.51293397,-739630.419438225,45663.5588958077,0.000180234639674768
0.145884990692139,0,-1.00202393531799,-8510913.10291483,-29379676.7977288,-7924760.38764815,0
0.145884990692139,0.400000005960464,-1.00202393531799,185481.687066272,-854188.419898467,-68947.4574171741,0.000181019558856321
0.145987585186958,0,-0.997776329517365,-9354922.40228727,-29154218.0175654,-8661183.16145319,0
0.145987585186958,0.400000005960464,-0.997776329517365,136344.00739963,-863267.473517559,-24994.2311751694,0.000181082857363659
0.148953795433044,0,-1.00091469287872,-8787727.76653403,-30324512.2748194,-8623162.49562536,0
0.148953795433044,0.400000005960464,-1.00091469287872,144355.362555505,-901482.407105812,-58094.6788919918,0.000181597317758741
0.149000406265259,0,-0.999034404754639,-9247136.61544194,-30389615.5774962,-8983462.56376906,0
0.149000406265259,0.400000005960464,-0.999034404754639,112481.998901068,-915683.563648477,-29765.1203797187,0.000181624995905176
0.150013387203217,0,-0.999464690685272,-8169582.09758865,-30885924.2642671,-8566089.88319339,0
0.150013387203217,0.400000005960464,-0.999464690685272,190502.164196227,-905410.259204283,10083.2734602117,0.000181811916437305
0.000443277152953669,0.0200000002980232,-0.993898570537567,71939.3661880759,18471862.7473298,1445496.38563935,4.2575791115778e-06
0.000443277152953669,0.0400000005960464,-0.993898570537567,-308361.740272234,16727288.2937304,368978.612166553,8.51369404913831e-06
0.000443277152953669,0.0600000008940696,-0.993898570537567,254330.251358424,15000264.7632106,34791.6142600961,1.30879864148363e-05
0.000443277152953669,0.0800000011920929,-0.993898570537567,333961.638096829,14281056.2039539,40586.3180943662,1.82540261228283e-05
0.000443277152953669,0.100000001490116,-0.993898570537567,341401.091070611,13520714.564814,84600.2004323546,2.40813597361104e-05
0.000443277152953669,0.120000001788139,-0.993898570537567,297935.660125626,12496436.6521948,223771.046787092,3.06218630327492e-05
0.000443277152953669,0.140000002086163,-0.993898570537567,-3013.18543183152,11071816.5639996,126111.638597406,3.77683075429848e-05
0.000443277152953669,0.160000002384186,-0.993898570537567,18486.8942777482,10791066.3250787,58460.1843935703,4.56374990618435e-05
0.000443277152953669,0.180000002682209,-0.993898570537567,151556.691131162,10298726.1819884,174788.177333958,5.4199102854781e-05
0.000443277152953669,0.200000002980232,-0.993898570537567,-29589.1437161691,9130639.59034266,109538.300911745,6.34215916490777e-05
0.000443277152953669,0.220000003278255,-0.993898570537567,53188.5185451099,8167155.15451629,109668.750320008,7.31804374182877e-05
0.000443277152953669,0.240000003576279,-0.993898570537567,67407.7460763912,7316375.21086312,99858.8544547348,8.34388861384825e-05
0.000443277152953669,0.260000003874302,-0.993898570537567,51859.5434138259,6385825.04647202,110274.8397074,9.42202180574993e-05
0.000443277152953669,0.280000004172325,-0.993898570537567,67431.3049607695,5354337.97784238,41635.8153806047,0.000105422163105932
0.000443277152953669,0.300000004470348,-0.993898570537567,88346.6567226591,4501079.89940743,30896.3354099093,0.000116955501137491
0.000443277152953669,0.320000004768372,-0.993898570537567,95520.1489705325,3617781.24669191,23726.2418374843,0.000128798688899786
0.000443277152953669,0.340000005066395,-0.993898570537567,73294.4061430388,2711042.59673071,-4613.96146496909,0.000140901120398921
0.000443277152953669,0.360000005364418,-0.993898570537567,54610.5525549543,2174320.21207643,89160.7432346441,0.000153175841596015
0.000443277152953669,0.380000005662441,-0.993898570537567,-21969.8748616307,1309827.63324348,56560.8839437178,0.000165641622669219
0,0.380000005662441,-1,-130405.337343926,1005753.50074748,-11127.9653572809,0.000165740823138799
0,0.360000005364418,-1,67351.8401674515,1859261.62599609,106699.018449625,0.000153287725391711
0,0.340000005066395,-1,84804.1769887132,2657554.14438546,116537.098447305,0.000141029523119776
0,0.320000004768372,-1,94987.8807628939,3526756.64245999,70783.336148286,0.000128936407573444
0,0.300000004470348,-1,54870.6987756045,4360333.53371102,76157.8144579262,0.000117103951888529
0,0.280000004172325,-1,89906.8751822953,5472204.29990396,99981.1330699977,0.000105588291896215
0,0.260000003874302,-1,94071.9683968244,6495095.15957535,116812.42807922,9.43958755489953e-05
0,0.240000003576279,-1,89114.1681209527,7296076.90373934,96497.6415468585,8.36081337738713e-05
0,0.220000003278256,-1,145946.015110868,8229887.60809937,153120.875572634,7.33699215518105e-05
0,0.200000002980232,-1,85211.2736397097,9357323.1200056,140240.023671412,6.35855156433289e-05
0,0.180000002682209,-1,168366.398546057,10248680.7248805,252241.97516779,5.43691996268857e-05
0,0.160000002384186,-1,63168.1667338766,10579927.3816131,96914.0292244963,4.58243880176422e-05
0,0.140000002086163,-1,200850.891872868,11354457.2378661,83048.1480200551,3.79389686463096e-05
0,0.120000001788139,-1,425844.352736806,12696101.7897411,241680.877078284,3.07392458194845e-05
0,0.100000001490116,-1,298113.589563163,13409566.6295949,180688.3002431,2.42126701462385e-05
0,0.0800000011920929,-1,313162.856873519,14210864.0703041,191803.224580066,1.83891386144802e-05
0,0.0600000008940697,-1,215531.522672577,14946215.2044637,216998.678779685,1.32171938834425e-05
0,0.0400000005960464,-1,-251993.404874542,17096065.3713213,664736.937766054,8.64503916668783e-06
0,0.0200000002980232,-1,2955608.79848047,18654882.660668,2863025.84889668,4.20197409757326e-06
0.00307089020498097,0.0200000002980232,-0.988137423992157,170636.27978938,17502280.7989509,1161751.6074006,4.05015629775172e-06
0.00307089020498097,0.0400000005960464,-0.988137423992157,-329695.698609994,16082476.0240341,495747.988051335,8.07723737750039e-06
0.00307089020498097,0.0600000008940696,-0.988137423992157,125333.842795034,14544740.9452833,135478.990369374,1.25772076165716e-05
0.00307089020498097,0.0800000011920929,-0.988137423992157,185774.659089349,13808915.852676,116861.661907768,1.76776829990023e-05
0.00307089020498097,0.100000001490116,-0.988137423992157,210181.586007137,13082513.1163858,170855.602407851,2.3461834239372e-05
0.00307089020498097,0.120000001788139,-0.988137423992157,125691.419560911,11933159.4452938,296972.718124011,2.99880477451963e-05
0.00307089020498097,0.140000002086163,-0.988137423992157,-130660.27294311,10501217.1658385,184701.365228684,3.70879298606184e-05
0.00307089020498097,0.160000002384186,-0.988137423992157,-30691.4381128456,10432344.3309419,155403.400521525,4.49457596297016e-05
0.00307089020498097,0.180000002682209,-0.988137423992157,64374.9569529151,9971882.64767336,267789.751677412,5.35045124673416e-05
0.00307089020498097,0.200000002980232,-0.988137423992157,-32220.9642872168,8414817.08274176,196314.927009572,6.27482920496586e-05
0.00307089020498097,0.220000003278255,-0.988137423992157,-60321.0440711492,7641819.30274756,137827.93762319,7.24992218378245e-05
0.00307089020498097,0.240000003576279,-0.988137423992157,9404.41161881352,7016016.12226503,190736.400216005,8.27913683520484e-05
0.00307089020498097,0.260000003874302,-0.988137423992157,-1186.61521196156,6084682.30855526,180172.278737802,9.35860470994905e-05
0.00307089020498097,0.280000004172325,-0.988137423992157,18617.8166892508,5103156.44245882,103164.222440002,0.000104818952324768
0.00307089020498097,0.300000004470348,-0.988137423992157,36858.6845527519,4333677.61443747,56124.6483063484,0.000116390246850858
0.00307089020498097,0.320000004768372,-0.988137423992157,47293.7926219096,3482021.45035545,38633.983590238,0.000128268513453196
0.00307089020498097,0.340000005066395,-0.988137423992157,26638.1320407861,2609400.12904735,16207.6113962774,0.000140406244107646
0.00307089020498097,0.360000005364418,-0.988137423992157,6591.2185203986,1957652.12223783,13809.4886627961,0.000152715781010636
0.00307089020498097,0.380000005662441,-0.988137423992157,-23883.1813582412,1406727.44060365,43514.2753611318,0.000165217621229157
0.00790064688771963,0.0200000002980232,-0.98293274641037,1117660.93133777,16109673.4763537,2048296.10428289,3.58215783824329e-06
0.00790064688771963,0.0400000005960464,-0.98293274641037,-235696.255795396,15000908.1869732,535869.499514749,7.3663161111529e-06
0.00790064688771963,0.0600000008940696,-0.98293274641037,-117219.890128718,13623548.4892424,301101.053265738,1.16972533159799e-05
0.00790064688771963,0.0800000011920929,-0.98293274641037,-97593.7499936814,12906487.2168448,263821.80184701,1.66751475970992e-05
0.00790064688771963,0.100000001490116,-0.98293274641037,-49778.7487282995,12229218.6719332,315871.403587779,2.23750424113034e-05
0.00790064688771963,0.120000001788139,-0.98293274641037,-19788.5504796971,10680566.1241082,401376.231466871,2.88740695359195e-05
0.00790064688771963,0.140000002086163,-0.98293274641037,-172883.429362738,9332382.66464182,238016.227104629,3.59410580786488e-05
0.00790064688771963,0.160000002384186,-0.98293274641037,-158985.679179556,9627213.55055627,312220.400354162,4.37929349661908e-05
0.00790064688771963,0.180000002682209,-0.98293274641037,-112332.497048556,9193090.73229534,360084.261815683,5.23362661949457e-05
0.00790064688771963,0.200000002980232,-0.98293274641037,-110270.025541509,7936883.7930742,261132.327622236,6.15852901385282e-05
0.00790064688771963,0.220000003278255,-0.98293274641037,-154107.740725176,7136973.34463761,218632.072121984,7.13950741201478e-05
0.00790064688771963,0.240000003576279,-0.98293274641037,-45039.8341323312,6426923.23079273,226787.814373446,8.17259046061835e-05
0.00790064688771963,0.260000003874302,-0.98293274641037,-38194.061142788,5594098.3402028,201048.769819602,9.25529842647743e-05
0.00790064688771963,0.280000004172325,-0.98293274641037,-12665.1373520097,4697385.10455481,138181.199628051,0.000103837397939289
0.00790064688771963,0.300000004470348,-0.98293274641037,-39331.312600266,4037218.32343042,94775.0771406644,0.000115462014771016
0.00790064688771963,0.320000004768372,-0.98293274641037,-33414.6905267681,3240037.94774293,72050.7654566624,0.000127396195312865
0.00790064688771963,0.340000005066395,-0.98293274641037,-28909.9030380368,2444560.56803031,42269.2845725903,0.000139591942710832
0.00790064688771963,0.360000005364418,-0.98293274641037,-48346.6673231863,1643610.04373907,31868.9796688608,0.000151963909330934
0.00790064688771963,0.380000005662441,-0.98293274641037,-115731.999768113,1049634.61393878,11336.5436385578,0.000164514347511765
0.0148565638810396,0.0200000002980232,-0.978577494621277,1741444.25091953,13842195.0188778,2285701.39365694,2.98081816606072e-06
0.0148565638810396,0.0400000005960464,-0.978577494621277,11285.1253666556,13363489.8357869,300333.91367006,6.43390921410837e-06
0.0148565638810396,0.0600000008940696,-0.978577494621277,-299975.413528756,12228730.0518425,296161.208417987,1.05026314330475e-05
0.0148565638810396,0.0800000011920929,-0.978577494621277,-313656.119967897,11566123.5558534,297634.775978923,1.53133907639428e-05
0.0148565638810396,0.100000001490116,-0.978577494621277,-279326.007161203,10838085.9689792,336776.018371945,2.0899114863755e-05
0.0148565638810396,0.120000001788139,-0.978577494621277,-299679.960143464,9593718.95105525,334630.110077523,2.73021306282279e-05
0.0148565638810396,0.140000002086163,-0.978577494621277,-422704.904650841,8547954.05379062,265564.15970769,3.4419474231475e-05
0.0148565638810396,0.160000002384186,-0.978577494621277,-360420.041966499,8574387.58630088,331009.382515011,4.2290475297541e-05
0.0148565638810396,0.180000002682209,-0.978577494621277,-87398.2561446053,8036590.20436648,257168.216419136,5.08373350693961e-05
0.0148565638810396,0.200000002980232,-0.978577494621277,-85733.1295676007,7052525.34875063,169904.707815764,6.01098535251815e-05
0.0148565638810396,0.220000003278255,-0.978577494621277,-107273.382579238,6373617.65005226,207003.568167255,6.99774372507935e-05
0.0148565638810396,0.240000003576279,-0.978577494621277,22904.5705496271,5570330.46150759,148873.720032188,8.03732689966156e-05
0.0148565638810396,0.260000003874302,-0.978577494621277,-25014.6084835395,4868362.67493736,167208.143262039,9.12519655512239e-05
0.0148565638810396,0.280000004172325,-0.978577494621277,32563.4962140571,4108385.29815964,78611.9577419194,0.000102606042784576
0.0148565638810396,0.300000004470348,-0.978577494621277,-66569.7868481586,3597994.47605431,71412.7297925965,0.000114287429981338
0.0148565638810396,0.320000004768372,-0.978577494621277,-88008.6348561847,2892843.46606904,72632.8295140094,0.00012629007425256
0.0148565638810396,0.340000005066395,-0.978577494621277,-77112.7760424047,2190218.68687371,53871.3308274555,0.000138559688918306
0.0148565638810396,0.360000005364418,-0.978577494621277,-88075.2961658416,1461071.62884053,22513.0281117826,0.000151011539545567
0.0148565638810396,0.380000005662441,-0.978577494621277,-243495.526824745,642738.618184391,-7024.86258328706,0.000163624395658836
0.0237561129033566,0.0200000002980232,-0.975380003452301,704985.057731359,10480703.7309306,889666.581874364,2.28769602627861e-06
0.0237561129033566,0.0400000005960464,-0.975380003452301,-93739.2016710744,10311016.2095089,77748.5495859636,5.36044864662549e-06
0.0237561129033566,0.0600000008940696,-0.975380003452301,-215367.258785719,9858592.24378127,28940.4432099452,9.12518099236777e-06
0.0237561129033566,0.0800000011920929,-0.975380003452301,-329005.937594547,9214065.62153656,43200.097394885,1.37561857198942e-05
0.0237561129033566,0.100000001490116,-0.975380003452301,-266618.96214199,8526836.94571417,45365.8600896117,1.9235122105028e-05
0.0237561129033566,0.120000001788139,-0.975380003452301,-343579.927144098,7372219.54356268,111617.096781917,2.55758969223853e-05
0.0237561129033566,0.140000002086163,-0.975380003452301,-373010.188271418,6841421.37331633,208661.650226364,3.2718756627662e-05
0.0237561129033566,0.160000002384186,-0.975380003452301,-208429.659093336,6510234.74993373,154460.35879233,4.06268906208532e-05
0.0237561129033566,0.180000002682209,-0.975380003452301,16923.0090228352,5964521.15823628,88207.3471572611,4.92192270307159e-05
0.0237561129033566,0.200000002980232,-0.975380003452301,-63538.0029454581,5632895.73947217,19216.4390537597,5.85321552873752e-05
0.0237561129033566,0.220000003278255,-0.975380003452301,-19939.2714062445,4904839.46560598,73268.8291830914,6.84525224851988e-05
0.0237561129033566,0.240000003576279,-0.975380003452301,-75081.7099282712,4321859.27927098,47581.989825794,7.89147001093149e-05
0.0237561129033566,0.260000003874302,-0.975380003452301,-6427.74241334881,3507448.94091554,89372.6929330307,8.98706366206656e-05
0.0237561129033566,0.280000004172325,-0.975380003452301,35754.1105481051,3431621.00289663,675.029846739024,0.000101313046610006
0.0237561129033566,0.300000004470348,-0.975380003452301,-23051.9082955391,2869022.54041178,-9337.94748142606,0.000113042168719868
0.0237561129033566,0.320000004768372,-0.975380003452301,-18410.520514772,2261298.78061,11909.3123946033,0.000125113042393675
0.0237561129033566,0.340000005066395,-0.975380003452301,-57211.7877470552,1735221.59736102,7937.02939811163,0.000137462381747459
0.0237561129033566,0.360000005364418,-0.975380003452301,-82126.1480325953,1192476.12205261,182.734665111813,0.000149994532723014
0.0237561129033566,0.380000005662441,-0.975380003452301,-165467.692548187,617319.640613198,14968.6597809105,0.000162680657396958
0.122177798314858,0.400000005960464,-0.988865399495008,363143.019204854,-324080.161333311,77822.7121430012,0.000177450367142944
0.102987553579094,0.400000005960464,-0.98287764083765,207163.432471197,-256447.150211827,103171.56868927,0.000175378157001928
0.0835054528534561,0.400000005960464,-0.977925985198991,-54152.5242563055,-153515.487458202,70217.8311785336,0.000174104653460992
0.0637231830710049,0.400000005960464,-0.974375714456415,-366836.770190715,-22886.7991913904,22120.3984621973,0.000173675506226165
0.04368010121473,0.400000005960464,-0.973045048022708,-539915.783392793,82181.3960298745,-17172.0887111731,0.000174132837997202
0.04368010121473,0,-0.973045048022708,1727083.11356584,5222769.96376969,2039622.98415872,0
0.0637231830710049,0,-0.974375714456415,-1623.24091397431,-383472.778016554,-100275.940812264,0
0.0835054528534561,0,-0.977925985198991,-1541814.49936964,-5970954.40424513,-1733447.49769408,0
0.102987553579094,0,-0.98287764083765,-3441406.53052875,-11680067.7562982,-3067875.54188447,0
0.122177798314858,0,-0.988865399495008,-6529504.93036386,-18547087.4423978,-6646071.18640519,0
0.141052976250648,0.0200000002980232,-0.99578320980072,-2168995.53194205,-23711120.5646162,-2152832.85115139,5.15957936097137e-06
0.141052976250648,0.0400000005960464,-0.99578320980072,185372.295838238,-20836510.2640216,-121558.912058301,1.01870215943336e-05
0.141052976250648,0.0600000008940696,-0.99578320980072,76103.9693962703,-19546032.4007573,-278528.521327574,1.53920084125084e-05
0.141052976250648,0.0800000011920929,-0.99578320980072,29554.7658407283,-19077689.0738403,-247423.389005336,2.10452015459003e-05
0.141052976250648,0.100000001490116,-0.99578320980072,5250.94490452856,-17788182.1179558,-247383.588243376,2.73210507270016e-05
0.141052976250648,0.120000001788139,-0.99578320980072,78636.4068759533,-16553268.1517204,-135235.734850032,3.39688328899193e-05
0.141052976250648,0.140000002086163,-0.99578320980072,23801.2435583207,-15763062.7895388,-123555.94523363,4.13242042389632e-05
0.141052976250648,0.160000002384186,-0.99578320980072,37072.8417130888,-14684585.3362623,-83331.0908801062,4.93363990414089e-05
0.141052976250648,0.180000002682209,-0.99578320980072,-19269.4270631031,-13401276.1173153,-71147.2409974858,5.7932603366025e-05
0.141052976250648,0.200000002980232,-0.99578320980072,10098.5783984396,-12251048.7547615,-89925.4776298157,6.70516826864344e-05
0.141052976250648,0.220000003278255,-0.99578320980072,50197.8191679043,-11085316.5210257,4804.39328791853,7.67182776916043e-05
0.141052976250648,0.240000003576279,-0.99578320980072,81444.9487930301,-9896486.47445563,32020.1325196526,8.69126521434923e-05
0.141052976250648,0.260000003874302,-0.99578320980072,30169.8751897207,-8574647.46854323,-30996.101416585,9.75798912885745e-05
0.141052976250648,0.280000004172325,-0.99578320980072,-93301.0151827151,-7319403.6662562,-37168.5471078232,0.000108629343718072
0.141052976250648,0.300000004470348,-0.99578320980072,-33961.828104843,-6048405.32359024,-35683.8204239381,0.000120003700855333
0.141052976250648,0.320000004768372,-0.99578320980072,221709.856270872,-4726948.62657859,12058.6415243454,0.000131681697415228
0.141052976250648,0.340000005066395,-0.99578320980072,-102968.550040372,-3686274.12025031,-67994.7106820701,0.00014354954275065
0.141052976250648,0.360000005364418,-0.99578320980072,-70764.9782388958,-2296462.73895886,-68287.0517373129,0.000155631492317597
0.141052976250648,0.380000005662441,-0.99578320980072,80944.288249984,-1421981.60533055,15710.3578286355,0.000167856825215825
0.145987585186958,0.0200000002980232,-0.997776329517365,-581797.656644903,-23973658.0187465,-566190.721126108,5.77632925037144e-06
0.145987585186958,0.0400000005960464,-0.997776329517365,149571.492313844,-22024535.2800059,20232.9620832512,1.09452705756629e-05
0.145987585186958,0.0600000008940696,-0.997776329517365,12785.4004856022,-21205016.217785,72478.8951709718,1.62907710606487e-05
0.145987585186958,0.0800000011920929,-0.997776329517365,-50100.2920725881,-20186318.9140657,-49523.4199933242,2.21634418940949e-05
0.145987585186958,0.100000001490116,-0.997776329517365,-10539.9250614592,-18587621.9361724,-34228.4535557218,2.85067819999333e-05
0.145987585186958,0.120000001788139,-0.997776329517365,35937.5817118948,-17473454.6921468,-12133.0100236842,3.52686440316695e-05
0.145987585186958,0.140000002086163,-0.997776329517365,62469.8433800922,-16342678.4917127,-12049.1837968966,4.26864053711549e-05
0.145987585186958,0.160000002384186,-0.997776329517365,39923.3296617754,-15165341.0873003,-514.167589910328,5.07232534977949e-05
0.145987585186958,0.180000002682209,-0.997776329517365,19913.0262888388,-13855922.2662915,-11848.1030078791,5.93249994741104e-05
0.145987585186958,0.200000002980232,-0.997776329517365,-37919.2840215429,-12734759.1893387,-111537.733054555,6.84285054156199e-05
0.145987585186958,0.220000003278255,-0.997776329517365,-16896.4091759236,-11695248.093176,-45782.1773085496,7.80715409503979e-05
0.145987585186958,0.240000003576279,-0.997776329517365,91418.1795453974,-10386964.6141152,70547.7463714317,8.82344236793438e-05
0.145987585186958,0.260000003874302,-0.997776329517365,17058.0692155503,-8844897.66231383,-14774.6528619835,9.88546977461309e-05
0.145987585186958,0.280000004172325,-0.997776329517365,-50104.2880736535,-7617407.28516887,-58129.0589634445,0.000109846809733665
0.145987585186958,0.300000004470348,-0.997776329517365,716118.965928814,-5947019.85532307,135342.661373499,0.000121160683921177
0.145987585186958,0.320000004768372,-0.997776329517365,36312.631901829,-5060375.1717845,-31498.55057238,0.000132776063737651
0.145987585186958,0.340000005066395,-0.997776329517365,-32456.0221111327,-3917151.5334778,-34587.4245539708,0.000144577778050468
0.145987585186958,0.360000005364418,-0.997776329517365,-83383.0950941878,-2697127.45709919,-79546.8645351736,0.000156595229077629
0.145987585186958,0.380000005662441,-0.997776329517365,422922.091886808,-1212173.82140298,89365.8004006392,0.00016876427202752
0.149000406265259,0.0200000002980232,-0.999034404754639,-1466110.59671919,-25195871.8535673,-975955.966097604,6.1677357277118e-06
0.149000406265259,0.0400000005960464,-0.999034404754639,-15869.4560921527,-22443114.1541491,90508.215194352,1.13651810910848e-05
0.149000406265259,0.0600000008940696,-0.999034404754639,-43306.2397648199,-21886559.1542764,-24417.4126532525,1.68569265133229e-05
0.149000406265259,0.0800000011920929,-0.999034404754639,-26868.0708591966,-20400032.7880141,-59381.6570408409,2.28308964043895e-05
0.149000406265259,0.100000001490116,-0.999034404754639,45682.1181794317,-19014178.4170669,-38832.832906682,2.92290053452684e-05
0.149000406265259,0.120000001788139,-0.999034404754639,-9085.66327107837,-18128266.2467369,-112828.399955864,3.60674915242834e-05
0.149000406265259,0.140000002086163,-0.999034404754639,36227.570928362,-16624792.4413381,-53985.3065202357,4.3520220489576e-05
0.149000406265259,0.160000002384186,-0.999034404754639,16134.4894172258,-15545971.2180572,-19788.5998850586,5.15850331381245e-05
0.149000406265259,0.180000002682209,-0.999034404754639,21838.2632942107,-14180388.3261533,-2408.27604389284,6.01932186052188e-05
0.149000406265259,0.200000002980232,-0.999034404754639,1782.57115096762,-13027603.9512794,-125379.024949932,6.92977992209385e-05
0.149000406265259,0.220000003278255,-0.999034404754639,-2127.88073900552,-11925925.1623079,3108.42743000155,7.89313704373607e-05
0.149000406265259,0.240000003576279,-0.999034404754639,-29686.463790552,-10450408.3375876,13531.0805196664,8.90735102173163e-05
0.149000406265259,0.260000003874302,-0.999034404754639,13105.1147770437,-9051768.07178457,-16665.100317915,9.96607201895459e-05
0.149000406265259,0.280000004172325,-0.999034404754639,-38506.3965389377,-8021452.02103837,-25386.4358574934,0.00011061632255772
0.149000406265259,0.300000004470348,-0.999034404754639,13024.0238285386,-6501960.79190717,-82140.1039385779,0.000121897904080594
0.149000406265259,0.320000004768372,-0.999034404754639,45611.6764633654,-5205579.968643,-51615.9997240112,0.000133478058343046
0.149000406265259,0.340000005066395,-0.999034404754639,-8284.34525192808,-3982555.98767976,-29898.0973123617,0.000145236638139511
0.149000406265259,0.360000005364418,-0.999034404754639,-85715.5176145633,-2891985.84196896,-92134.8528716058,0.00015721194572871
0.149000406265259,0.380000005662441,-0.999034404754639,37137.3010843533,-1489453.6534575,-16349.0386000428,0.000169343384974627
0.150013387203217,0.0200000002980232,-0.999464690685272,-3414761.61970383,-27596619.4154489,-2415455.30049198,6.27242041437034e-06
0.150013387203217,0.0400000005960464,-0.999464690685272,30536.7683653156,-22691818.2662929,652068.985547822,1.1513707093936e-05
0.150013387203217,0.0600000008940696,-0.999464690685272,63458.5667167362,-22219775.0106788,81599.652013558,1.7038892384756e-05
0.150013387203217,0.0800000011920929,-0.999464690685272,-23277.7830063035,-20910669.4911147,-57282.9558810629,2.30556164593561e-05
0.150013387203217,0.100000001490116,-0.999464690685272,35409.9766963446,-19341303.5441127,-70333.8859794773,2.94737413180392e-05
0.150013387203217,0.120000001788139,-0.999464690685272,-3919.66504420061,-18820773.9962825,-168083.231028015,3.63253112498384e-05
0.150013387203217,0.140000002086163,-0.999464690685272,-20868.2471615295,-17184457.5675056,-84970.5658057313,4.38038267363737e-05
0.150013387203217,0.160000002384186,-0.999464690685272,-76347.3975775247,-15853851.5469421,-70910.265620728,5.1877792282148e-05
0.150013387203217,0.180000002682209,-0.999464690685272,-46206.4372614922,-14457929.5419038,-57206.3014308456,6.04887540821733e-05
0.150013387203217,0.200000002980232,-0.999464690685272,-26965.3335179184,-13224257.2896385,-103581.66593136,6.95927334439817e-05
0.150013387203217,0.220000003278255,-0.999464690685272,26442.1865613058,-12222594.7050964,92435.3686922002,7.92195411671425e-05
0.150013387203217,0.240000003576279,-0.999464690685272,-34882.0153339833,-10784807.3872492,60262.8804077595,8.93611051826006e-05
0.150013387203217,0.260000003874302,-0.999464690685272,-49596.6803000493,-9211015.97421111,1062.49498635577,9.99362433187402e-05
0.150013387203217,0.280000004172325,-0.999464690685272,102453.535593151,-7567498.68310747,-29454.9872508063,0.000110883323070434
0.150013387203217,0.300000004470348,-0.999464690685272,-22398.3525509568,-6360114.4428201,-59343.1211062043,0.000122151989214281
0.150013387203217,0.320000004768372,-0.999464690685272,75070.1002508812,-5237105.53291306,-21922.1849602435,0.000133718694124946
0.150013387203217,0.340000005066395,-0.999464690685272,44138.8923752575,-4049037.18961569,-34793.4027686445,0.000145462932930744
0.150013387203217,0.360000005364418,-0.999464690685272,17849.7179473167,-2647172.91853594,-57973.5175407229,0.000157424045147884
0.150013387203217,0.380000005662441,-0.999464690685272,2245.23020460698,-1365771.85571653,-31523.3990228932,0.000169542774156413
0.148953795433044,0.0200000002980232,-1.00091469287872,-1055515.35860964,-24984805.2704665,-178122.230310418,6.14521433294273e-06
0.148953795433044,0.0400000005960464,-1.00091469287872,165852.204330416,-22408791.0612261,341278.971639572,1.13431770464517e-05
0.148953795433044,0.0600000008940696,-1.00091469287872,-23763.5334550226,-21718698.092391,-73131.6799092572,1.68246687251427e-05
0.148953795433044,0.0800000011920929,-1.00091469287872,58401.5168976681,-20378576.3909709,7487.74883531965,2.27955906167197e-05
0.148953795433044,0.100000001490116,-1.00091469287872,129663.568965299,-18839961.8327515,23270.2030856563,2.91843793458878e-05
0.148953795433044,0.120000001788139,-1.00091469287872,92563.0319349109,-17921704.1795233,31766.5219188137,3.60278896703418e-05
0.148953795433044,0.140000002086163,-1.00091469287872,83568.2579146149,-16600075.3621149,22587.0034887837,4.34814299389199e-05
0.148953795433044,0.160000002384186,-1.00091469287872,56688.4576530175,-15399743.3328952,37764.9130642647,5.15441364679558e-05
0.148953795433044,0.180000002682209,-1.00091469287872,54730.9254937964,-14073652.0684128,29342.6416491009,6.01509170920241e-05
0.148953795433044,0.200000002980232,-1.00091469287872,21159.3411242689,-12946910.4914324,-94124.9354137806,6.92569862711798e-05
0.148953795433044,0.220000003278255,-1.00091469287872,-6941.5983146762,-11971740.7008291,-46310.1540204887,7.88849436286611e-05
0.148953795433044,0.240000003576279,-1.00091469287872,2231.94143489166,-10499289.4661513,32563.367582575,8.90312977828577e-05
0.148953795433044,0.260000003874302,-1.00091469287872,-35659.3693260509,-8954423.69502948,-10274.4306155746,9.96177282355695e-05
0.148953795433044,0.280000004172325,-1.00091469287872,18503.1243443653,-7704642.22159966,-73362.9180540582,0.000110571837099194
0.148953795433044,0.300000004470348,-1.00091469287872,26415.5052672211,-6375169.5874119,-26258.6682437481,0.000121855449055994
0.148953795433044,0.320000004768372,-1.00091469287872,69953.5518371667,-5239561.18304756,-167780.004824304,0.000133441069050556
0.148953795433044,0.340000005066395,-1.00091469287872,59137.0157544666,-3975470.02166656,-3132.33901131526,0.00014519995999519
0.148953795433044,0.360000005364418,-1.00091469287872,-27181.8695555026,-2767771.48219704,-85329.4569166615,0.000157177556605072
0.148953795433044,0.380000005662441,-1.00091469287872,18928.8651963664,-1416807.93366342,-14527.787923368,0.000169313248141651
0.145884990692139,0.0200000002980232,-1.00202393531799,-1235100.87861787,-23960287.4956711,-604811.793153588,5.72728248561346e-06
0.145884990692139,0.0400000005960464,-1.00202393531799,-65739.170562298,-22078971.9192487,99546.5818787729,1.08640540497484e-05
0.145884990692139,0.0600000008940696,-1.00202393531799,17369.8377676858,-20968081.9689238,-168435.152353278,1.62123497756917e-05
0.145884990692139,0.0800000011920929,-1.00202393531799,121056.724266764,-20034762.9417181,-143357.405123793,2.20732344875718e-05
0.145884990692139,0.100000001490116,-1.00202393531799,89797.3785497709,-18533286.9193722,-169419.681346615,2.8386266990614e-05
0.145884990692139,0.120000001788139,-1.00202393531799,106157.866719846,-17470719.0339498,-124887.423159904,3.51710851805716e-05
0.145884990692139,0.140000002086163,-1.00202393531799,83668.4659207806,-16295757.3153379,-149074.666596219,4.25913859127868e-05
0.145884990692139,0.160000002384186,-1.00202393531799,53295.3307570321,-15152353.5098158,-126354.072751049,5.06246473551619e-05
0.145884990692139,0.180000002682209,-1.00202393531799,42992.7102454482,-13869133.0503464,-127433.278808926,5.92232936169745e-05
0.145884990692139,0.200000002980232,-1.00202393531799,-96428.7687064025,-12541643.9439807,-218120.259800047,6.83410927214532e-05
0.145884990692139,0.220000003278255,-1.00202393531799,-16140.3880023477,-11307407.5340154,-112052.7770753,7.79835652018558e-05
0.145884990692139,0.240000003576279,-1.00202393531799,21720.8748849242,-10096961.0705778,-50759.9519306258,8.81362607929132e-05
0.145884990692139,0.260000003874302,-1.00202393531799,-10091.0184758673,-8865850.97617297,-90526.3656585114,9.8757715291395e-05
0.145884990692139,0.280000004172325,-1.00202393531799,-161939.946784116,-7411444.48133047,-121186.814672032,0.000109752325346275
0.145884990692139,0.300000004470348,-1.00202393531799,544100.597537239,-5973208.33896451,158887.732439545,0.000121072483082831
0.145884990692139,0.320000004768372,-1.00202393531799,316259.593413869,-4926201.07438553,-145748.969347208,0.000132694663598582
0.145884990692139,0.340000005066395,-1.00202393531799,-21669.3005386744,-3815962.40235819,-28140.7033384868,0.000144497610442742
0.145884990692139,0.360000005364418,-1.00202393531799,-89277.5606835803,-2616341.34751073,-86694.4698743338,0.000156521094470605
0.145884990692139,0.380000005662441,-1.00202393531799,382090.294477678,-1223588.98995402,58173.991317555,0.000168700772955681
0.140868082642555,0.0200000002980232,-1.00378179550171,-673310.287283659,-21627001.6645869,-617706.992961935,5.15037229047532e-06
0.140868082642555,0.0400000005960464,-1.00378179550171,-52880.428506766,-20398569.6758014,-64019.3493979219,1.01210953142126e-05
0.140868082642555,0.0600000008940696,-1.00378179550171,108057.921873962,-19855161.9759103,-127966.689122076,1.52840499848305e-05
0.140868082642555,0.0800000011920929,-1.00378179550171,99605.9932831051,-18645397.6639234,-256116.209225927,2.09931357830227e-05
0.140868082642555,0.100000001490116,-1.00378179550171,50842.8429520316,-17192825.6845078,-368735.504157696,2.71301782907251e-05
0.140868082642555,0.120000001788139,-1.00378179550171,24081.6756033339,-16037716.9320574,-319560.711126839,3.3850125420544e-05
0.140868082642555,0.140000002086163,-1.00378179550171,34963.1229414705,-15069520.9551622,-317970.468639745,4.11706641299823e-05
0.140868082642555,0.160000002384186,-1.00378179550171,11167.5928936133,-13954925.2936482,-227673.180841967,4.91781398770346e-05
0.140868082642555,0.180000002682209,-1.00378179550171,-9835.47994673462,-12798749.0677984,-199002.302686946,5.77632449294049e-05
0.140868082642555,0.200000002980232,-1.00378179550171,-35198.0018152364,-11578019.8225833,-209319.625922675,6.68875989810326e-05
0.140868082642555,0.220000003278255,-1.00378179550171,5697.20607957686,-10186908.1134678,-173546.36454575,7.6554329578622e-05
0.140868082642555,0.240000003576279,-1.00378179550171,36473.7580704665,-9177988.98843356,-218008.01321475,8.67460131461592e-05
0.140868082642555,0.260000003874302,-1.00378179550171,-63908.7708389338,-8061641.16516311,-172840.783323228,9.74089908907776e-05
0.140868082642555,0.280000004172325,-1.00378179550171,-96087.081837816,-6912821.93464016,-128641.465800872,0.000108456607903669
0.140868082642555,0.300000004470348,-1.00378179550171,66861.667547437,-5655193.53474215,-76647.0098076297,0.000119836538253461
0.140868082642555,0.320000004768372,-1.00378179550171,107132.375355865,-4742969.94116388,-52417.4083298589,0.000131524192863623
0.140868082642555,0.340000005066395,-1.00378179550171,-116127.756451888,-3700521.53009661,-150802.007115263,0.000143406503027375
0.140868082642555,0.360000005364418,-1.00378179550171,-30834.6828209019,-2549210.66703104,-56625.1332084975,0.000155493192578654
0.140868082642555,0.380000005662441,-1.00378179550171,190840.92729122,-1082289.87752247,-6032.84499407222,0.000167743645040506
0.0102276917801814,0.400000005960464,-1.01556166751158,-452005.342925613,399299.355124908,-91369.8349701427,0.000177140922600225
0.028047096620141,0.400000005960464,-1.02247028061058,-510489.169419801,268010.962272073,-106723.434225685,0.000175255495591797
0.0471821869571711,0.400000005960464,-1.02398496608887,-476507.397023253,124140.470517385,-54062.1979882588,0.000173988080444711
0.0663460815720543,0.400000005960464,-1.02247525429979,-278251.032512654,-38475.3939693,31228.693654259,0.000173569406320793
0.0852982316229719,0.400000005960464,-1.01921012526455,-29913.6966098166,-171152.213613572,78617.6388265233,0.000173995432280927
0.104029025670007,0.400000005960464,-1.01483899782056,290137.99812513,-257442.675437025,96906.9023813592,0.000175259828551334
0.122554318993452,0.400000005960464,-1.00966289767254,426272.33384668,-329517.679989336,114578.011376161,0.000177335245995074
0.122554318993452,0,-1.00966289767254,-6308509.1929682,-18471174.1763163,-5083505.33520119,0
0.104029025670007,0,-1.01483899782056,-4398677.4591713,-13471793.985121,-4742027.95950921,0
0.0852982316229719,0,-1.01921012526455,-2098000.10623353,-6532063.51052346,-2294565.35937721,0
0.0663460815720544,0,-1.02247525429979,-38879.9720518213,-210691.578438003,66442.7559881911,0
0.0471821869571711,0,-1.02398496608887,1565119.74501565,5658654.63008984,1488591.55141988,0
0.028047096620141,0,-1.02247028061058,3484245.81301428,12454754.7573625,3483286.16499694,0
0.0102276917801814,0,-1.01556166751158,6866008.08656395,18563651.4933025,6866008.08656395,0
0.0534571993064528,0.383216120492321,-0.973427476322813,-253849.493392956,58504.9257056759,-7166.04127612572,0.000163050237131885
0.0723369067506431,0.38147663429478,-0.975758382113917,-130330.00236384,-140714.512221185,16894.2222850356,0.000161947882819461
0.0935343761308693,0.382051097450227,-0.980309441962046,-5776.99143801378,-422284.58417518,38643.6378189179,0.000163286493322324
0.112778303569563,0.38394229648066,-0.985830658610974,135159.053703874,-538147.925700722,25914.8912732477,0.000166225872191307
0.126283046549244,0.369630315779018,-0.990280142696217,8523.79381510647,-1249341.09771787,-18056.2808528423,0.000159050829225033
0.124425691956154,0.351760636322291,-0.989647690751381,-79559.8091616714,-2295970.43590634,-69414.8388044884,0.000147732460664598
0.124913546505689,0.331178073828463,-0.989811760584921,-37560.018507103,-3311881.85398197,-58198.4987312399,0.000135255706902399
0.124808840165037,0.31000000461936,-0.989776546909251,11522.993009539,-4280546.98741444,-20105.4673089948,0.000122560098470937
0.124808840165037,0.290000004321337,-0.989776546909251,29318.1996395779,-5393582.22964506,14610.3889764715,0.000110841955714283
0.124808840165037,0.270000004023313,-0.989776546909251,-35143.3436122176,-6544106.41624059,-8019.79209196614,9.94752856353804e-05
0.126440840049283,0.250028467820157,-0.990337294250396,-16813.4261651622,-7102192.83400607,-52772.478894623,8.87688663960983e-05
0.125304663688499,0.229980590604842,-0.989943296779755,-98010.0239456738,-8215384.99549901,-40619.2820504894,7.79375056031925e-05
0.124808840165037,0.210000003129244,-0.989776546909251,-76440.9441056831,-9173829.42596436,-48712.5360560529,6.7811979686504e-05
0.125289011597313,0.190034134912638,-0.989938032841973,17244.6648580206,-10121091.4262555,-51389.0039767935,5.84668641315063e-05
0.126278960278557,0.169938971956843,-0.990278662681385,-38048.7341833513,-11531809.9587217,-52124.6728937589,4.98031247439048e-05
0.125455114239748,0.150225145187371,-0.989993894641194,-70125.2442352967,-11689343.0949686,-94284.5509336712,4.13636055839886e-05
0.124850127878599,0.130570375553511,-0.989790432335344,-36565.6069419156,-12804301.2956567,-99128.3043561298,3.38518561601171e-05
0.124830948904858,0.110704552730665,-0.989783982275521,140307.705774458,-12832940.7233559,47254.4930514526,2.70743318961136e-05
0.124808840165037,0.0900000013411045,-0.989776546909251,29550.2491122016,-15291675.3441233,-169934.962329154,2.06465256124966e-05
0.124253497016154,0.0697721540001561,-0.989589780058186,132562.115284531,-14062963.8965013,-254441.366271467,1.493593388758e-05
0.123536665470692,0.0488362679288094,-0.98934870321991,-95058.8406076466,-16265128.2143993,-157413.942322402,9.73747736864579e-06
0.126286977463521,0.0303674095982272,-0.990281566442191,-582655.925394825,-17889058.0254467,-230163.490508897,6.01139932812214e-06
0.112783681653895,0.0160568356580512,-0.985832311941064,-2546925.61851337,-14460297.2399984,-1741123.13833088,2.44170749889562e-06
0.0938239646962529,0.0187939369155261,-0.980384136941691,-1293348.78350553,-8584542.23695498,-997049.519396272,1.76406081052743e-06
0.0720979057351188,0.0184093498401585,-0.975713659647562,-182968.540683246,-2260461.99226279,-363936.256832187,7.91779579976415e-07
0.053559838937497,0.0160649645308382,-0.973432443766873,191000.260108161,2288978.69371883,255342.87015061,5.17640794609553e-07
0.0393616103536566,0.0303689256041624,-0.973299907177567,228808.727518735,6898842.8056369,286779.262060237,2.53881721474829e-06
0.041349161160071,0.0484866777611618,-0.973198912314629,17839.678646334,6003825.64397081,-73589.6611073161,4.94420681413591e-06
0.0408084554713942,0.0693474374599347,-0.973226387585571,-111929.261875813,5962347.63106812,-76250.7545058203,9.0245844879071e-06
0.0409094351849905,0.0900000013411045,-0.97322125643003,-33314.1862537609,5573432.49212605,-33518.7145170767,1.40739272443864e-05
0.0409094351849904,0.110000001639128,-0.97322125643003,-44034.4627288727,4808249.4933237,-57358.0738738622,1.99373295385979e-05
0.0409094351849904,0.130000001937151,-0.97322125643003,-196532.01640432,3995430.79758392,103296.246468817,2.66679281341121e-05
0.0409094351849904,0.150000002235174,-0.97322125643003,-134294.81048203,3862008.14326711,104408.877709232,3.4231075096812e-05
0.0409094351849904,0.170000002533197,-0.97322125643003,3109.9639583723,3623051.93501501,145655.920873597,4.25747025231507e-05
0.0409094351849904,0.190000002831221,-0.97322125643003,-64568.5255905126,3158378.84807452,69691.5214438048,5.16351945902226e-05
0.0401456115606544,0.20990400588665,-0.973260069154716,18888.7724943149,3155993.46056999,8015.24894908792,6.13624651383812e-05
0.0403462174060175,0.229974576909461,-0.97324987562417,-39906.3059940438,2622975.2639404,49457.005848542,7.1654421491392e-05
0.0409094351849905,0.25000000372529,-0.97322125643003,56654.7021553773,2259354.90780563,108465.692792514,8.24482075883482e-05
0.0399464723124089,0.269834868272131,-0.973270188161997,-39021.7821987822,2109257.35109594,18351.8205407797,9.37343564452527e-05
0.0397660671906954,0.289977616008203,-0.973279355218498,-94649.9478772944,1849530.42837506,-31214.4273582676,0.000105513087331952
0.0405048124579845,0.309819580390188,-0.973241816818586,10467.4886587077,1446071.57583066,-209.809153848269,0.000117389297551081
0.0414275137450032,0.330010127135353,-0.973194930927814,29240.0701552099,1191860.10753268,4323.21515906439,0.00012976847752833
0.0422394091095188,0.351127994881787,-0.973153675498874,7954.76349959863,727878.687517021,11372.1632128385,0.000142974042935513
0.0383653404502402,0.369569011883889,-0.973350531363886,-70470.4998071283,510244.927937296,-6237.8366329142,0.000154910887001638
0.0371009039405122,0.386530934086004,-0.973414782094776,-363736.451032761,181755.220928771,-22726.0665305784,0.000165837879136075
0.128236583656674,0.0136858318482545,-0.99098769834209,-3460723.74874688,-19496331.0060292,-2973643.09367801,2.46980151375332e-06
0.128234991133235,0.386312413903508,-0.990987121542731,233893.62672462,-672796.358075553,54354.7309005679,0.000169704977414848
0.0372859260295999,0.0136935821948436,-0.973405380432959,1274608.14767468,7121035.23112154,1241900.83341507,9.69390659705111e-07
0.0834998239649613,0.365251701091926,-0.977947538458818,-32104.9869001905,-513448.578428641,-7071.61672233505,0.000152018915730389
0.109124114784967,0.341693503284289,-0.984707288299172,-36395.2696703267,-1758938.68981846,1641.99036377645,0.000139422257570503
0.108607799573221,0.321122529929779,-0.984548562733911,22642.6741546383,-2721193.65122992,-28651.8556460522,0.000126743090092722
0.107770099519027,0.300304007927622,-0.984291037075947,23484.5744301863,-3380719.69035514,-52840.6637161095,0.000114125401953492
0.108133961161075,0.279761038285658,-0.984402895381682,79398.3291344994,-4189864.32405611,-32133.2647662673,0.000102126729325417
0.110990917709092,0.259984384673364,-0.985281180647533,145739.390811545,-4962722.32398912,107633.922871974,9.13822126784225e-05
0.109700072422157,0.240322619385111,-0.984884349132264,-139130.306268901,-5940266.09072713,-54963.1028623229,8.04111536499812e-05
0.107947178061561,0.220250192679278,-0.984345474541898,-39420.1358170751,-5835038.9174797,-84244.4512965875,6.96616161204353e-05
0.108101447509609,0.199655197966026,-0.984392900038546,98554.7368173803,-6808663.72521035,-42394.6348609496,5.95110413855934e-05
0.110029293887606,0.179797589325315,-0.984985558358742,187346.311352643,-7897262.57813793,-85187.2594312928,5.0668440993448e-05
0.110481452990787,0.159896894136988,-0.985124561060208,-64044.5435776657,-8691481.99555366,-91886.5308761531,4.2180681224392e-05
0.108393081164228,0.141708446290312,-0.984482554024378,-34606.1094402074,-8221237.41909669,-89851.5841475553,3.45397047958424e-05
0.108360458098738,0.122349430872305,-0.984472525045195,57726.3166134208,-9720592.30806519,17986.8600061783,2.76368803694134e-05
0.108539887274436,0.101760713644799,-0.984527685142533,165894.881110388,-10648160.5752438,-4602.36840547528,2.1050902244827e-05
0.108464810500168,0.0813850001931224,-0.984504605048895,101944.96978732,-10682574.1610867,-259040.018628535,1.5235568835114e-05
0.108325460053907,0.0600000008940696,-0.984461765950126,-218611.332659421,-10704226.7883501,-112172.75306577,9.98620922498506e-06
0.0835184777261782,0.0347418679370214,-0.977951929126507,-296589.034622716,-5877297.16992821,-119505.260995392,3.08529923923457e-06
0.0574721524942048,0.0584733894251904,-0.973679713794984,-70197.7229749031,1498318.07471081,-128902.629182187,5.81265686522076e-06
0.057835051661387,0.0784236321450666,-0.973725487872761,26302.558004329,1590962.38644187,-90235.6456154961,1.00889548163824e-05
0.0582030723044862,0.0986689431271218,-0.973771907944958,18490.4797876242,1486811.31149129,-117034.801114072,1.54704757647693e-05
0.0582163055453337,0.118816949949512,-0.973773577112183,41463.7527560916,748272.812862697,46263.6782604526,2.17768963703532e-05
0.0581505499429537,0.138876122612234,-0.973765283067087,61624.5217304124,1037905.65100371,3696.57702383585,2.89049514140838e-05
0.0581992800903545,0.160000002384186,-0.973771429616209,-41187.5419800167,574105.066455538,27577.9029745647,3.73167372179213e-05
0.0581992800903545,0.180000002682209,-0.973771429616209,-6670.21225098799,448422.893572782,80297.3875842037,4.60852622895928e-05
0.0561540354038018,0.19982425494059,-0.973557994937466,72842.0049057876,1130941.98981135,-12764.1965512038,5.54814757588892e-05
0.0566214430510715,0.219476227280326,-0.973580616037302,70511.143318167,799316.276854397,-11305.8150456055,6.53168934791016e-05
0.0581992800903545,0.240000003576279,-0.973771429616209,91944.2645691879,495530.598090304,29920.6581142301,7.61677668103776e-05
0.0581992800903545,0.260000003874302,-0.973771429616209,-61967.9289431656,198570.607327299,25674.7495452166,8.72998623529231e-05
0.0563557286732495,0.280018460638998,-0.973567756274515,4648.28218936049,817833.133062446,-43573.5374498311,9.88610529421818e-05
0.0571156795382671,0.29973856349232,-0.973634750283667,18098.2584166106,432296.399389615,-15742.2658093413,0.00011060956295752
0.0580608373070754,0.318703681538542,-0.973753967215348,29815.7925558335,389506.797627484,-14673.8099645936,0.000122184134918107
0.058898495933552,0.339615574536892,-0.973859624804525,28672.276796217,230751.738157429,-12394.7535478324,0.000135207637991753
0.0604890903401775,0.363032716476415,-0.974060253515375,-32548.1102651986,42472.1323734514,-9376.73237602137,0.000150042077172836
0.105709973076393,0.0374600010642196,-0.983657713232919,-342176.156242027,-11693153.3398681,-103410.868294322,5.42673244025651e-06
0.105411945438578,0.362766232015842,-0.98356609360948,-54478.4071775417,-1199557.00081822,32175.7102756344,0.000152139717489777
0.0603609427783941,0.0367199043742956,-0.974044089696357,219836.895252403,1483641.00619632,-46825.5975742559,2.30554307793522e-06
0.092493739452277,0.331644381224017,-0.980064499948081,-26015.6676106848,-1577105.02345869,-20667.8176897595,0.000131498507987584
0.0915766774810326,0.312752123976962,-0.97984864458685,19799.6863218218,-1902035.00062645,-31934.1941351208,0.000119801991302122
0.0894040272256511,0.289988828384972,-0.979337252532214,108071.818031099,-2122663.63206615,4393.85606522823,0.00010593270801833
0.0920504725676689,0.267385613608099,-0.979960165086862,-20320.8231697969,-3358392.60508668,24933.8274555176,9.3041176478815e-05
0.0968980444844632,0.249808421482082,-0.981227887958655,23611.2250490767,-3713296.53461676,-45878.0634384572,8.37313533758337e-05
0.0912885253500289,0.232289795808859,-0.979780820182091,-66258.2251773093,-3598448.92102003,-60444.1782647383,7.36244610766461e-05
0.0892595031083123,0.209884711369624,-0.979303234868705,-4368.8116831865,-3931899.61636814,-4520.80887428345,6.1865893355783e-05
0.0918467598527072,0.187433908455925,-0.979912215784575,-117236.398821691,-4756167.69409717,-55622.6019424666,5.13534255960092e-05
0.0958233641832387,0.169978374515047,-0.980932917541639,-167907.116490009,-5711891.05210805,-145261.69925642,4.40501366136444e-05
0.0912885253500289,0.152289794616766,-0.979780820182091,12417.3450433763,-5321382.17538888,-170932.121018551,3.60397269870204e-05
0.0917211290606443,0.134100354720473,-0.979882645176641,31132.7667872705,-5432312.91174408,-73834.5562333744,2.91212850705991e-05
0.0920508344410351,0.114047735278139,-0.979960250263555,179276.325435753,-6495778.9337879,-55651.0644396592,2.23340367007842e-05
0.0920911956142853,0.0940352306268269,-0.97996975035832,98761.3432924813,-6679313.40493965,-89932.8989844299,1.62388858869867e-05
0.0917902204717961,0.0742502388997342,-0.979898907710668,2827.99535567104,-6916801.19735372,-185580.570053903,1.11217224214678e-05
0.0747673651710402,0.0686671630364338,-0.976213175557765,65675.5347042016,-2702378.77067323,-48894.4257578868,8.2673630647868e-06
0.0754935575919683,0.0870997372367758,-0.976349062495488,86465.9856228348,-2347292.506948,-141655.441590581,1.27237433120494e-05
0.0752976139134888,0.106886144910834,-0.976312397025473,85378.5303386521,-2773396.14260334,-17791.7995275082,1.83546303123755e-05
0.0752598358567254,0.12684456337519,-0.976305327901231,175062.6930542,-2526011.07401599,-14797.5435299661,2.49614845720822e-05
0.0750082016626262,0.14719036783497,-0.97625824148298,109447.458818942,-1859221.06661414,-116522.694848182,3.24535354523567e-05
0.0775789940456693,0.169979676581704,-0.976739294568066,71328.2748272751,-2655743.93065864,-133836.54615013,4.21036208414958e-05
0.0749100261305496,0.192595099994874,-0.976239870632461,80276.8433227593,-1850898.65703438,-52362.6390045719,5.22972495713496e-05
0.0709151668415152,0.20991404539135,-0.975492342594745,9800.66733074046,-872264.821107809,-26987.0104568433,6.05619925913281e-05
0.0753782881569776,0.227247884069665,-0.976327492991204,-9108.1127215935,-1840647.75320875,-26136.0902155025,6.97055645736618e-05
0.0776587460383993,0.24994831347654,-0.976754217959934,37798.2203272903,-1551444.31044915,-87279.6432445391,8.20365374336988e-05
0.0752271430538986,0.272316317530424,-0.976299210342395,50730.4024869891,-1364980.23563946,21442.3565370937,9.46408973316299e-05
0.0709702926305098,0.289914850265757,-0.975502657869926,31954.2427561342,-643391.29632105,-10847.3435010099,0.000104840889580451
0.0756692644330883,0.307710212237768,-0.976381941198003,12566.2396507174,-810967.92302002,-44103.371409795,0.000115700483989252
0.0755778708229722,0.325891478351332,-0.976364839397643,7729.06658878156,-704963.771641351,-25029.5202391895,0.000126893448011836
0.0734172832953267,0.0509103349876577,-0.9759605448686,41997.5647720202,-3257309.71793791,132160.715962409,4.82445883285859e-06
0.0935273008301822,0.3493482333069,-0.980307776598489,-17384.104492164,-1002574.84866527,-52024.1031902106,0.000142635320763369
0.0898935081992347,0.0548276374130866,-0.979452465130361,178772.91833222,-6966344.89770317,289597.924384441,6.8730117491837e-06
0.0769787157271799,0.345889076878486,-0.976626968991359,9118.6310288539,-483818.879764851,-38423.7431076616,0.00013945804620925
0.123401540457879,0.350779357530458,-1.00939503012909,-55352.8632188024,-2165349.89288104,-27810.5786941155,0.000146763725113244
0.124407665394158,0.330482324119372,-1.00909713364305,-4130.59265653731,-3291851.38875077,-15299.0367471839,0.000134523154781711
0.124386366115069,0.31000000461936,-1.00910343999743,20251.6041936071,-4010648.70524319,-49928.4548384894,0.000122220250605019
0.124386366115069,0.290000004321337,-1.00910343999743,43086.4477255063,-4904840.64196141,-54765.4742088057,0.000110502195624484
0.124386366115069,0.270000004023313,-1.00910343999743,22594.4154086038,-6188615.66732822,-59934.9630999079,9.91225636011537e-05
0.124386366115069,0.25000000372529,-1.00910343999743,44917.6541049819,-6192841.62322036,-72681.0036404971,8.8057928092491e-05
0.124386366115069,0.230000003427267,-1.00910343999743,-44917.798673084,-7406488.94306368,-157107.1923132,7.74914213056854e-05
0.124386366115069,0.210000003129244,-1.00910343999743,-96494.3432411279,-8722075.6703329,-64629.5640099184,6.74990147440784e-05
0.124386366115069,0.190000002831221,-1.00910343999743,94589.2036686537,-9758677.13194127,-21644.2956025326,5.7993600537276e-05
0.124386366115069,0.170000002533197,-1.00910343999743,163983.426004085,-10841412.790814,-61539.1080797715,4.91216631404443e-05
0.12438636611507,0.150000002235174,-1.00910343999743,-112249.848305612,-11155215.0936419,-119531.032198722,4.08018788663322e-05
0.12438636611507,0.130000001937151,-1.00910343999743,-33403.8715515477,-12197041.3452562,-120744.421620559,3.32922710386952e-05
0.12438636611507,0.110000001639128,-1.00910343999743,121654.485228511,-12896675.7926596,-106002.994659168,2.64571818717643e-05
0.12438636611507,0.0900000013411048,-1.00910343999743,70657.0113081515,-14459611.6557503,-95704.4078210248,2.03559356511191e-05
0.124950063417298,0.0694231408231332,-1.00893653881103,80522.4239085391,-15058298.4770594,-20584.9644479239,1.48256416864691e-05
0.124122756060007,0.0495779329706199,-1.00918149045245,-60011.1800987327,-16980726.0160531,-118443.939295577,9.90568810063065e-06
0.0992257458993019,0.0174990435626829,-1.01601171866535,-1816842.84021523,-9580138.03296608,-1806100.61393859,1.83927609414304e-06
0.0778260878131864,0.0185168965765843,-1.02061990024973,-859473.652736847,-4441342.92859962,-547346.247657731,9.18340148757344e-07
0.0554573383479419,0.0190143886873599,-1.02360151104347,191180.558699908,2066843.77780786,255993.336402651,7.61201990602064e-07
0.0329917196322022,0.0178959725065664,-1.02325450249919,1302210.62402249,8627403.34873509,1109465.01840429,1.83896517985378e-06
0.00814372322626316,0.0505734940256831,-1.01377321727078,137977.318926302,14266562.2630928,496812.875477158,9.84224464464118e-06
0.00832571544851373,0.0697908313033909,-1.01393052072815,193577.03331115,13055430.6241722,420313.628440349,1.42649816982608e-05
0.00880912481759372,0.0900000013411051,-1.01434835157907,195214.841104121,12190062.2624519,402354.959759064,1.94764970621641e-05
0.00880912481759373,0.110000001639128,-1.01434835157907,264753.803836819,11538609.1006464,409442.720605283,2.54554041327054e-05
0.0088091248175937,0.130000001937151,-1.01434835157907,171520.089692355,10874019.1100115,348640.141490283,3.23583039893275e-05
0.0088091248175937,0.150000002235175,-1.01434835157907,40933.4744905608,10049149.2804478,330328.159445278,3.99708872305387e-05
0.00880912481759367,0.170000002533198,-1.01434835157907,23677.3439888924,8621442.81024523,215171.109512188,4.80112323795282e-05
0.00880912481759374,0.190000002831221,-1.01434835157907,128036.675517953,8353390.58218908,205239.59141667,5.69815168201847e-05
0.00880912481759387,0.210000003129243,-1.01434835157907,121856.11997763,7935661.26598656,308438.668090605,6.66096430207324e-05
0.00880912481759385,0.230000003427266,-1.01434835157907,92279.4464680292,6548325.11640617,159370.872468965,7.65813004179623e-05
0.00880912481759369,0.25000000372529,-1.01434835157907,91655.8508277205,6068589.04754671,68772.5488868675,8.72199316304496e-05
0.00880912481759341,0.270000004023316,-1.01434835157907,33537.0203315385,5195850.95298463,48218.7586851208,9.82517928438498e-05
0.00880912481759442,0.290000004321336,-1.01434835157908,21723.0183815558,4468463.78469807,103218.360418371,0.000109702851543631
0.00880912481759401,0.31000000461936,-1.01434835157907,2484.27801324904,3791826.49004481,110282.225739395,0.000121514148804003
0.00881977406733399,0.330452165570591,-1.01435755616915,7746.57725166512,2775176.79804693,47991.1514518525,0.000133796175186602
0.00901550774681769,0.350458354028696,-1.01452673694032,16523.0366388095,1881656.39437355,81927.7582984648,0.000146057351356943
0.0329889161465902,0.382704382180606,-1.02325399070592,-259466.595658337,289735.366367848,-27378.9778294284,0.00016374821377791
0.054721492046574,0.382212750841355,-1.02363109370247,-223746.381269938,36879.4224495697,871.24309265567,0.000162336712855631
0.0769910212174864,0.381523853545258,-1.02076139781864,-92634.2671569824,-182893.027146035,23298.606101304,0.000161949253885352
0.0991101234929139,0.382368401273751,-1.01604010488314,81421.8341710803,-350803.68013367,26672.702293872,0.000163690838433654
0.00695996787006587,0.36785915240848,-1.0127500482149,15680.7477759144,1625414.52445087,100773.595578678,0.000157195690952406
0.126045171701323,0.0326124588079539,-1.00860327943434,-293625.19798221,-18294421.4195298,-139436.076163983,6.54711539329126e-06
0.126591970503791,0.367810318431418,-1.00843003112308,22345.1893133878,-1453928.99554258,4018.26103448769,0.000157789664509487
0.00646908963032485,0.0327812693921872,-1.012325761708,166146.250599672,16865356.1410136,633968.381600486,6.33797922192376e-06
0.108934954154446,0.3424755592312,-1.01351786010425,4622.26473907151,-1918986.56771427,-6003.84214121394,0.000139622789330489
0.107237800982002,0.365343210819636,-1.01398068109458,-24845.7705854065,-1222894.43178072,10203.7560007864,0.000153706696288432
0.108494650187052,0.321418312135652,-1.01363793289529,68666.0140379954,-2674410.19024983,-28308.6317598504,0.000126615879825625
0.107729046625467,0.300000004470348,-1.01384671628875,94199.8275567643,-3152165.13268347,-50221.8392434355,0.00011362309538284
0.107729046625467,0.280000004172325,-1.01384671628875,141778.768010418,-4000568.22035014,-31880.1246278931,0.000101888494771785
0.107729046625467,0.260000003874302,-1.01384671628875,97823.7150485205,-4733839.78317566,-31769.1424877867,9.05162078880727e-05
0.107729046625467,0.240000003576278,-1.01384671628875,-89916.3686517639,-5152267.05143018,-94050.0784360329,7.95894496529332e-05
0.107729046625467,0.220000003278255,-1.01384671628875,53731.4049365475,-5845435.99328549,-94532.8431851722,6.91866389312274e-05
0.107729046625467,0.200000002980232,-1.01384671628875,149629.00728831,-6751346.84109886,-116461.805441505,5.9296472067268e-05
0.107729046625467,0.180000002682209,-1.01384671628875,265809.270957095,-7363541.63121574,-121117.505186369,4.99809059594686e-05
0.107729046625468,0.160000002384186,-1.01384671628875,115539.903817404,-7985482.54007347,-143227.215908601,4.13785015077307e-05
0.107729046625468,0.140000002086163,-1.01384671628875,103168.305820945,-8560567.19392072,-139004.389800334,3.35122639869627e-05
0.108370395491806,0.12000071673257,-1.01367181768662,173224.146467987,-9636841.23292101,-161109.968227586,2.65082775188487e-05
0.109049844996149,0.100240021354639,-1.01348652887617,327469.964777054,-10136123.4187201,134046.082790736,2.0331369031279e-05
0.108127176430302,0.0796796209604704,-1.01373814457375,339415.423272273,-10729785.0601386,192633.106243962,1.44887383222957e-05
0.109204418196775,0.0586497051789392,-1.01344437609765,-256860.483565098,-11906090.7894829,-73568.4438466621,9.74518176171678e-06
0.107404947477508,0.0343888653220228,-1.01393509952431,-389402.746519899,-12803506.9837928,-177239.994041544,4.83313016809615e-06
0.0858797624832548,0.0350457068006614,-1.0190453296506,-413658.937896866,-5401524.43534111,-216637.564598629,2.94683521328094e-06
0.0661895249738951,0.03688525530859,-1.02245594370358,48315.8699946668,-320403.301155173,150622.376870824,2.39606295270025e-06
0.0461547451867534,0.0356068637907978,-1.02397549599222,365304.751814436,5304195.52833668,181429.860852358,2.87931491962621e-06
0.0224051090311035,0.058174642479296,-1.02097962747327,19465.6754876892,10214260.1467502,326080.364262718,9.25032245320119e-06
0.0233241569362805,0.0367893612089846,-1.02128740758113,190478.377645149,11221432.3740069,460600.242011528,5.12956046492655e-06
0.0233533423784864,0.0791034747205395,-1.02129718149879,60955.0473740813,9668294.47221685,192868.220156844,1.38962868798471e-05
0.0242520517031277,0.0996814348143258,-1.02159815041598,58127.1804094493,8682556.51422605,124005.332256987,1.92837258442413e-05
0.0244887351655015,0.120192289498437,-1.02167741338058,33479.7743364344,8178187.51728714,137701.480060262,2.5689426328767e-05
0.0243738099745407,0.140000002086163,-1.02163892606401,-263461.854279597,8029627.64560251,133721.396996025,3.28584987070429e-05
0.0243738099745405,0.160000002384187,-1.02163892606401,-123221.732467323,6876855.70650525,28717.7168742539,4.08460846656433e-05
0.0243738099745403,0.18000000268221,-1.02163892606401,43542.5410863861,6381608.75613411,5295.59218923328,4.94243465613282e-05
0.0243738099745404,0.200000002980232,-1.02163892606401,-84897.8472022715,5902933.48573553,86746.9495032628,5.87168868898433e-05
0.0243738099745409,0.220000003278254,-1.02163892606401,-102486.847838526,5339999.04031014,24020.4937982277,6.86723438172702e-05
0.0243738099745412,0.240000003576277,-1.02163892606401,1367.08596537879,4852452.86619148,22447.002397951,7.91500337304568e-05
0.0243738099745398,0.260000003874304,-1.02163892606401,-48961.2361832397,4247531.16210664,-13516.5613839549,9.01178020598312e-05
0.0235625348019278,0.279837886267999,-1.02136723798473,-39173.6992145344,3641154.25764014,9038.3105249526,0.000101507978869502
0.0236514756278506,0.299962826298969,-1.02139702339291,-50173.2758600109,3038520.46853258,49767.0420631906,0.000113296938053247
0.0244365869716705,0.321065901040667,-1.02165994946316,-12269.9029416991,2118335.65032124,44081.4632420473,0.00012596205166256
0.024101841522781,0.341567001254748,-1.02154784650337,2534.10970329939,1620920.64970984,37108.2842001031,0.000138598450567074
0.0247243932184595,0.365656471506286,-1.02174525200736,-35227.619824895,916259.080642134,49545.6569017769,0.000153627376897115
0.04599025363728,0.366013864752928,-1.0239821089186,-42411.7770829722,331495.769886888,30640.9680915523,0.000152290526316381
0.0664578054306316,0.363691471965116,-1.0224254873503,-44077.2000324241,-139207.132301353,18234.8226966057,0.000150380889039705
0.0854654887560766,0.364902713348368,-1.0191332245489,-37293.4507307865,-501830.538462316,-20915.8445217147,0.000151691209919211
0.0109135390654531,0.0159694249960605,-1.01592889063915,2617809.12912825,15544225.9318753,2278955.49381393,2.76780281282414e-06
0.121833596723301,0.384028480569117,-1.00985927160844,175793.066850172,-662131.803760948,35138.0705680925,0.000167201064477695
0.121815426674768,0.0159737930371657,-1.00986465145086,-2331940.1486475,-16151193.5756842,-1432340.77254105,2.75221013610529e-06
0.0109821274361375,0.384020429189853,-1.01596593563322,-181519.836436355,693067.159769916,-16346.8258446672,0.000166811778333797
0.0909106146266795,0.31000000461936,-1.01797795267613,22773.0125592754,-1727983.8062192,-28758.0380531154,0.000117774109126182
0.0909106146266795,0.290000004321337,-1.01797795267613,22304.0681352715,-2259074.77787779,-32478.4899980139,0.000105804459942062
0.0913565638744195,0.26900085555699,-1.01788333730178,7369.51712191215,-3116728.7047834,-47672.9918231664,9.35629658757459e-05
0.0927924090631627,0.249218166092034,-1.01757869942938,34459.808543253,-3130537.62576863,-55011.0761020151,8.26206714971158e-05
0.0928568865845759,0.229834537268142,-1.01756501947621,57627.4031950969,-3189373.54329967,-82524.3612166797,7.21941397500638e-05
0.0911421799759083,0.210791483444314,-1.01792882232707,209602.094590556,-3857711.26614405,-16028.1486193892,6.22390398201171e-05
0.0909554899297979,0.191105145585772,-1.01796843165188,-90554.2303546618,-4412727.80065346,-194323.888690931,5.26315417416298e-05
0.0909447434185686,0.170228600767766,-1.01797071169874,19812.7977978323,-4465280.61043355,-153510.604866271,4.31790340428729e-05
0.0910791434616748,0.149474663579104,-1.01794219654717,72732.4806376197,-5244882.39765735,-200173.306316764,3.46063812688709e-05
0.0914829328368706,0.129235857186769,-1.01785652607439,48562.1134032001,-5727607.8226221,-130336.405344666,2.70484362317091e-05
0.0928311284259697,0.10997907241505,-1.01757048448782,123084.917451159,-6363280.47253435,-142030.755613623,2.0752218856964e-05
0.0926216159953302,0.0906557507050356,-1.0176149359521,111910.793585953,-7424893.44512914,-55029.5660131718,1.50505918886215e-05
0.0757616820405642,0.053443145803188,-1.02096970276797,-51903.9921873486,-3320227.26592753,-245234.232502962,5.13323824468531e-06
0.0561926916087726,0.05630847063057,-1.0235719482058,-151907.48420806,2341066.19269055,-336164.230884136,5.4168125339479e-06
0.0401003308191889,0.0696974941060323,-1.02377063442459,-135712.6002953,6276976.88720641,3544.94990388141,9.38209802611006e-06
0.041195478669643,0.0897964137475634,-1.02383120187011,-180338.330853796,5150309.25230629,-9819.69069014187,1.4173944304161e-05
0.0420285594211766,0.110251794396442,-1.02387727562446,-108924.383389937,4946292.11586767,-2823.69341200916,2.00306911240602e-05
0.0413147552142318,0.131778854162788,-1.02383779849139,139775.709944046,5310608.58529909,10473.0728644028,2.73929543809894e-05
0.0396873358679898,0.150336931425625,-1.02374779362808,-12242.3257176168,4640587.30857016,-4253.40234054066,3.46725990792461e-05
0.0403836742204057,0.169753786695475,-1.02378630480737,69875.5073867623,4221002.04556499,16485.1251861677,4.27135295125069e-05
0.041069846522202,0.188955019415455,-1.02382425375051,37759.6062983428,3922303.84259252,25901.974543873,5.12697181393646e-05
0.0411458740504846,0.208784243410966,-1.02382845847335,8134.57559053448,3303927.95789794,53928.844963674,6.08443356195605e-05
0.0413441524016119,0.229371476498827,-1.02383942431072,-52684.9232240749,3111455.97069601,19361.2124363553,7.1409513575592e-05
0.0415526252219585,0.250258453495417,-1.02385095395595,-96860.2422327756,2761335.33433315,-9215.7614837985,8.26746046107662e-05
0.0409850033032471,0.270822448424134,-1.02381956147354,-1855.27310697548,2511046.13761498,37920.6448022478,9.4350396642233e-05
0.0393034295994055,0.289944893460607,-1.02372656158895,21009.6470957572,2147892.17035755,34636.9165124545,0.00010566265531466
0.0402599072463059,0.309744452377636,-1.02377945984168,27622.4527089927,1693678.96523071,13682.1474698746,0.000117478769805639
0.0554562244968567,0.348645945463174,-1.02360155582276,-9101.25437688571,342677.089276342,-16570.615396372,0.000140917436232485
0.0760174121719351,0.344544875555614,-1.02092637066479,-13825.2942636564,-454435.31019717,-27529.9536876236,0.000138395279144098
0.0433132954369551,0.33073548585185,-1.0239483282943,-3679.82097130371,1061725.95317175,11178.8799670999,0.000130199077604092
0.0899766578911576,0.0696050845976207,-1.01817610676339,220960.909912685,-5626373.23965053,-250018.668347454,9.47725152634669e-06
0.0923239233453708,0.331080068011706,-1.01767809628179,-31377.4309771457,-1485543.12521175,-30129.1208068429,0.000130864930250216
0.037653923282825,0.0513562892949858,-1.02363533519982,-190414.858488124,6161885.09762446,150222.928858759,6.03982439752542e-06
0.0935306280258892,0.348888662564349,-1.0174099152725,5083.78861877698,-1111439.56897984,-14511.7786111671,0.000142105537821174
0.0930764415610923,0.0506208646007417,-1.01751843732275,45096.2119140581,-8001100.66731317,-243088.208087961,6.07774799781793e-06
0.038984128749369,0.350095165610737,-1.02370890256983,11679.8927775857,766428.403187683,14182.2777171916,0.000142604377831315
0.0722361823366244,0.29977485927568,-1.0215670798393,32232.0894254197,-575767.570937185,30729.9261921097,0.000110601802289535
0.0744845113828716,0.277168143734747,-1.02118611250592,17677.0156493584,-826804.945176261,38537.0203429026,9.72250995129728e-05
0.0746778591644755,0.256763013369756,-1.0211533507583,-11519.1635742614,-1114541.68543668,-96469.59177153,8.55238044331642e-05
0.0776505806209599,0.239709147230573,-1.02064963900488,59235.0177003283,-1600966.04572744,-36020.5630416244,7.62519400320912e-05
0.0739120463579862,0.222247954453074,-1.02128311364298,-53224.6216652868,-1387438.99376636,2571.45999893581,6.68052580361569e-05
0.0736657000240366,0.203646585988453,-1.02132485571187,-1258.80105485267,-1550742.70398262,20208.8159550044,5.73592375729176e-05
0.0746009760898217,0.182510621049369,-1.02116637818415,-83282.3330550633,-1844338.10999025,-28028.6964244305,4.73654495156291e-05
0.073912016272803,0.160000002384186,-1.02128311874076,-14616.5935224139,-1837026.95607411,2132.14533258229,3.74489295612538e-05
0.0750360617208133,0.13699377172887,-1.02109265525071,21336.3392978086,-2079963.26664215,-78367.7029323302,2.83957390521134e-05
0.0748403284447287,0.117232446729367,-1.02112582120761,21897.7715926604,-2214308.59177769,-69679.2509940631,2.14251549276214e-05
0.0795181984152312,0.100841121938313,-1.0203331811572,45487.0075332828,-3279083.6508399,73122.2554253777,1.66110295029334e-05
0.0607640667026332,0.0999333525739987,-1.02307186510109,94930.1531260299,1064122.6178585,-49260.8115042666,1.57285870231204e-05
0.0586664636406453,0.12314442957792,-1.02330999403781,77557.1138405707,1653766.64984015,-106749.062710969,2.31769787932716e-05
0.0593820159060871,0.14207544588833,-1.02322876146182,162867.316830175,1582742.32212912,-119207.434794407,3.00760964154995e-05
0.0552269079005771,0.159908784872443,-1.0236107748603,109453.992363271,1970939.01732,31845.7692712572,3.74016229809468e-05
0.0580497294992704,0.176781910272272,-1.02338000835462,113108.074083001,1210657.90205089,80904.8162025615,4.46342923545232e-05
0.0580704314053844,0.19591904780297,-1.02337765818505,83423.7120548194,1486497.41958944,-19420.9227550071,5.34677880357356e-05
0.0575540180153486,0.216931678633831,-1.02343628365795,53253.6418981473,912436.341369783,78574.5439970857,6.39672512041366e-05
0.0588047539454762,0.240000003576277,-1.02329429472661,2657.77180153999,932078.070480432,-62272.3210951959,7.60732590431584e-05
0.0584015593876009,0.262753287832568,-1.0233400671099,22990.1192325191,905613.476711013,11696.9230762598,8.87934522820584e-05
0.058437607350184,0.282739689772843,-1.02333597478989,37312.905398273,722416.442294909,40635.3120216823,0.000100392922567118
0.0538903906541827,0.299579924270409,-1.02366450582813,31995.0654809716,1031631.00075642,3175.26317735366,0.000110559362284623
0.0619867984134972,0.33249958137493,-1.02293305532937,4073.52777438211,246091.162547191,-21352.7814354474,0.000130654413917676
0.0693912981828063,0.0701674235026383,-1.02204913024542,-86093.9454212976,-659836.254435264,-241612.986917462,8.17192831989338e-06
0.058154243529771,0.316152155831396,-1.0233681434716,-30084.8705247016,240550.97454875,18196.2173014043,0.000120556818856184
0.0753420952586218,0.0851886824049746,-1.02104079950432,-46739.5949206751,-2955820.998263,-82079.9107093607,1.20507502828293e-05
0.0559863433136521,0.07883127405216,-1.02358024386651,60191.9409874689,2425425.95127519,-152376.040437484,1.02510845697392e-05
0.0764542912604056,0.322000557083704,-1.02085234383957,-34806.2019737635,-684278.692237706,12808.5511916961,0.000124308760235615
0.0543017108523677,0,-1.00816597783308,347897.400841612,2603406.49531779,698302.658737632,0
0.0504063676056004,0,-0.99085089626464,718852.35986902,3665877.64420398,806395.748288725,0
0.0293092554902605,0,-0.987379850071853,2505169.85041936,9769449.16593044,2577922.76138204,0
0.0367115385453277,0,-1.00476851337778,2570523.19640103,7987824.872136,2286493.01154351,0
0.089875204662991,0,-0.998736929461737,-2273896.55213521,-8014806.95058451,-1979091.11247804,0
0.108776320697061,0,-0.999037120297092,-4010785.80164137,-14140570.9294147,-3488563.29408612,0
0.0157037874177319,0,-0.997587022660378,4695685.45427584,16766283.7544163,4688631.41231393,0
0.0717521802899207,0,-0.998568084238929,-374830.35427552,-2379904.17238065,-505260.778054393,0
0.0543558785331845,0.400000005960464,-1.00816303931207,-423737.649079364,74739.5771085296,1986.12574824752,0.000173750033999
0.0504203101724413,0.400000005960464,-0.99084890410182,-484293.196928191,77718.4532802355,-27947.8111736165,0.000173885388060507
0.0293160744428163,0.400000005960464,-0.987383680253612,-510194.791853514,238608.273753928,-79732.8027184128,0.000175087615377418
0.0367614208976956,0.400000005960464,-1.00476461980032,-526058.41345337,189242.855142339,-82298.1978580779,0.000174564972312652
0.0898900543250187,0.400000005960464,-0.99873255419617,82296.3131252872,-189004.447857168,80526.8185094581,0.000174331799879135
0.108789466437061,0.400000005960464,-0.999031519275725,302801.453578265,-252541.967012117,102470.181846934,0.000175827446637366
0.0157310229134148,0.400000005960464,-0.997599452459334,-400891.284832435,494414.019384818,-113189.81736109,0.000176428486683949
0.0717720476059384,0.400000005960464,-0.998564396074189,-234655.496254646,-60432.6394478081,44208.9398378843,0.000173668202914559
0.145398492205233,0.310916738239752,-1.00110753433146,273591.966442971,-5525741.33154595,9224.50868319278,0.000127289184143635
0.146141347262407,0.390503741352318,-1.0006664618269,251037.98605732,-873839.252133053,55231.18697232,0.000175220348639769
0.143766800843207,0.35311402556711,-1.000519051445,-239759.590707494,-3294395.38889881,-201719.792843697,0.00015195046373492
0.0992646049640919,0.0241761692806537,-1.00060131220587,-1221153.0820561,-10184789.7595466,-740809.482421416,2.57089090559758e-06
0.0886303399044144,0.0425527861993376,-0.997724510082893,-188010.244851915,-6963409.71793549,-32293.577258267,4.44589982689428e-06
0.0982485261054152,0.0717536756234375,-0.999730162745882,-124362.356630639,-9080372.66243801,-50817.9495044285,1.11893315921034e-05
0.108806968619341,0.0911506078803981,-1.00220843886868,195683.800509602,-11237819.5402156,6007.94020545622,1.7748084909873e-05
0.0930844472335205,0.103510586857351,-0.997762609709139,54220.2040189727,-6732539.04859369,-38457.3060866199,1.9016208098373e-05
0.108806022682734,0.1116028089102,-1.00208526160439,134870.329861372,-10072146.5689004,185049.117156789,2.39363057549333e-05
0.0790701556935233,0.023440114914755,-0.996008323841321,-621250.156648917,-4421807.95820727,-400975.397394477,1.51217214734337e-06
0.10882141497821,0.131704569029752,-1.00222581521731,51420.1997487354,-9784516.86416138,-18596.5842939746,3.0806717012957e-05
0.0928628987770948,0.123700630647229,-0.99783638392527,57925.3012869379,-6524542.17733858,6814.75081515452,2.55098393556673e-05
0.092873486824157,0.142805510594317,-0.998324638493158,75619.2144309047,-6027407.74072612,-65004.3355198652,3.249361145475e-05
0.109753109824677,0.150544643444597,-1.00257488433404,14598.1536738893,-8211924.40920367,58528.871655195,3.81591224938776e-05
0.11059010491406,0.169871337909314,-1.00215388029189,98301.9451497337,-8732131.06311086,-83949.2380885244,4.62144707347286e-05
0.0948603788760208,0.160560512406551,-0.998729728664584,-92643.0735890581,-6388422.32431494,-244243.954318676,3.98681136732939e-05
0.0773307467987106,0.156897334536919,-0.995273850714261,41027.4626558052,-2988994.84274111,-74106.911405754,3.65714894091409e-05
0.0769900773709397,0.136275935043806,-0.994509755720028,68767.8815085262,-2800190.0779254,4987.2546059509,2.8473085455492e-05
0.0772243295875242,0.116212883906696,-0.994382955751717,35493.9466082673,-3031059.14560036,25502.3228324245,2.14631493148561e-05
0.0827587091433996,0.0848922130559773,-0.995407644961096,-10032.3848401762,-4934110.18490477,-100758.746025934,1.26985214768038e-05
0.0815819011596865,0.0657692649125356,-0.995583005806939,5823.24501492374,-4907375.07052354,-94373.6207027691,8.11671131885279e-06
0.0694790030801842,0.0409814847584237,-0.993616736981325,-76499.150668569,-1699440.8525638,-22573.2040037741,3.10428789610117e-06
0.0608508385530177,0.011275443740432,-0.992436352294928,-110475.718425442,571421.371476936,-68975.6716142482,3.03151884807806e-07
0.0642281654895921,0.0185037093850324,-1.00999898847339,-84742.4875303373,-342788.206849317,78443.8136167582,6.24691451283836e-07
0.0649243258610536,0.0603118836872832,-1.0048506300614,-95702.1080026266,-843219.661804143,-74071.7319108327,6.15826904657423e-06
0.0547777030617177,0.0433856943484031,-1.0054104247472,156932.002988297,2789220.6577118,177167.159104418,3.38995563414575e-06
0.0450207693568366,0.0246219470233569,-1.00565746617566,330942.252014542,4618387.61782237,400119.069213739,1.61945325557445e-06
0.0450296326714757,0.0214183806152104,-0.990357948322788,290874.332421742,5099460.41200913,277434.981881631,1.36166520996194e-06
0.0270374393859673,0.0173814917535079,-0.996721428636321,1135921.72454944,10764356.6372715,1075252.29716468,1.85718337217845e-06
0.0463987557295168,0.0386536838944307,-0.990881983669096,-47097.094818702,4996263.98427884,66890.1495393654,3.3062446371569e-06
0.0667234410067582,0.0780014322538606,-0.992012159781263,-17376.6056659569,-928019.514156522,-51507.0884393902,1.01186329456847e-05
0.0515822460032528,0.0687183351162078,-0.990369862784148,-137839.667063639,2327657.81010853,122295.62922536,8.26440359600724e-06
0.0518036522692562,0.0889047066276486,-0.990308562187578,1815.98352002801,2583433.76904039,27348.0740488846,1.31250756124416e-05
0.0670486359854054,0.0973365323476679,-0.992653081363118,-57007.6214216728,-1502281.90375378,-120769.130423382,1.52034246195918e-05
0.0613188278946754,0.128373057817219,-0.991641933303061,12111.1164473934,294085.982105466,-41024.1902104578,2.51225154204718e-05
0.0611849355417729,0.148801108188841,-0.991482509182169,32607.5662893501,541640.252755276,-91971.919633509,3.2828618854182e-05
0.0461381137569955,0.139625375594853,-0.989830284588634,-71344.2401996087,3422738.73419987,-4584.09409263916,2.98917403790682e-05
0.0461105942631906,0.119675069035716,-0.990180736571944,-121121.968202131,4189471.20642977,9890.44421928073,2.28103311911564e-05
0.0372371839744043,0.100000001490116,-0.990194486321692,-32011.6703302038,5485440.5757924,66565.6617068781,1.74911504689034e-05
0.0372289259042678,0.0797764357420988,-0.990370039816344,-106054.930399757,6222591.17741612,138559.412871283,1.20280600594965e-05
0.0373863746836517,0.0593101047629422,-0.990557968538882,16694.7665753462,6077473.01772198,171265.874738053,7.51746502108917e-06
0.0234652949201808,0.0493590503032627,-0.99354687318941,122136.240759519,12167837.761773,213781.744370244,7.14792251277062e-06
0.0234125557320415,0.0693036801041809,-0.993710684877203,-74867.5000585332,11317279.4035751,3675.90432467964,1.14685499358753e-05
0.0234448434322736,0.0893686247536752,-0.993559510042715,-124179.158765585,10491735.0267158,-30970.5024451208,1.65139031738021e-05
0.0234584514652531,0.109355676576037,-0.993498649882128,-65166.7374902845,9607767.24497134,-449.720159278717,2.23813868639261e-05
0.0315170523599697,0.130000001937151,-0.990895335893173,-239698.482923314,6916800.26596857,55323.3925032234,2.79907151416198e-05
0.0315173177930201,0.150000002235174,-0.990897445014164,-207327.694869892,6668926.12357652,60736.2444243375,3.55187729599401e-05
0.0460553194612503,0.16001982437542,-0.990004175498808,36462.209345492,3399485.60200729,-24474.8638932263,3.80297516866387e-05
0.0620140089029732,0.169993227216033,-0.992033320277555,60080.9606329768,462011.389814209,-94597.5199339729,4.16898372649916e-05
0.0776024674544355,0.183093489801596,-0.995019318688525,-9532.21657784516,-2544734.13214771,-4987.76230374619,4.8011513065324e-05
0.0948672165610026,0.179134186154185,-0.998802249906294,-161150.342836991,-5382473.12262629,-199217.312451976,4.78141537149684e-05
0.10944038193068,0.189804689129987,-1.00199645829704,134636.121992127,-7410715.76705498,-45197.6930795019,5.49350726933649e-05
0.0917351137811419,0.198918093010861,-0.998334629973899,-9688.07884094061,-4443586.53826898,-15863.8293178228,5.66409739512283e-05
0.108463839493092,0.209966697381565,-1.00217383530024,25729.9078731179,-6274108.15556268,-20149.8565321476,6.44293732642298e-05
0.0506582843277557,0.0682110828916621,-1.0064242358892,-133775.925580824,3373583.57084529,-132387.655242511,8.24305496286327e-06
0.0377055436867293,0.0419392981317406,-1.00562083409872,-159514.03606818,7758442.58617075,206056.046655442,4.46229970527425e-06
0.0188117273666201,0.169317299092807,-0.995812622384267,-88154.4544876541,8349336.0149108,27569.4679946373,4.56502044147997e-05
0.046062867233069,0.180012047070996,-0.989938962427923,5966.39310538,3059025.46983142,-51158.5612811615,4.6765128121656e-05
0.0606889107470253,0.190737589803217,-0.991114232844892,24500.9403363354,459220.458009594,-21588.615301982,5.11151867400945e-05
0.0748593845521699,0.203887947187438,-0.994293357812094,-63665.6093501458,-1953660.04156396,5588.72272470524,5.77649418038626e-05
0.0816867465667818,0.222695847510099,-0.995904327284685,-14650.3327481416,-2417184.68372655,18001.2305718953,6.76744352967859e-05
0.0984775362072663,0.23090944656896,-0.999312050929515,-22532.7335072035,-4574903.17903418,-540.845964192878,7.359288188501e-05
0.0618098192794836,0.0879839830962924,-1.005475566974,87002.6008463095,825151.313679709,100280.066836217,1.25420291406438e-05
0.0360679884940758,0.0602353479198712,-1.00558049181083,-155992.091683488,6939342.36462131,-54343.7166653415,7.86946603313597e-06
0.037290489006314,0.0795296689404749,-1.00621516222236,-144603.683567863,6364545.90852472,-40242.6215639389,1.20578080943896e-05
0.037991288075877,0.0998591915695589,-1.00644372401174,-104055.132002295,5696293.69694929,2246.03468366736,1.73900155826143e-05
0.0532181231515005,0.111285825932942,-1.00589346380758,-98799.3264282946,1959325.08482803,-23894.534028749,1.9591721805533e-05
0.0521725374121035,0.132481383483796,-1.00592745142441,56491.5334167302,2072194.27192501,39143.6572464642,2.69259451395869e-05
0.0380785400073666,0.120780877644707,-1.00629224904303,19234.159821279,5528074.51158301,19453.0009849463,2.40302257904241e-05
0.0261761083385464,0.130128164016525,-1.00431132188332,-114885.785268255,9076497.17323598,-27186.41085769,2.89238803699208e-05
0.037245711976518,0.140875316686512,-1.00647989221235,80000.253047248,4957121.36130188,6306.80364492419,3.13132374281151e-05
0.0607511146234643,0.153595085836089,-1.00542751870507,27862.8006553943,702948.138599523,-51077.0757212127,3.47312276721997e-05
0.0445841317317845,0.160059194768668,-1.00693854424816,76943.7184407091,3813871.41414842,-42457.0543400736,3.82240344729522e-05
0.0260755482509869,0.150000002235175,-1.00449930912404,-195791.397373829,8457787.23195457,-67918.6976736197,3.64360241370301e-05
0.00557853951623213,0.0310934506778127,-0.99391690550846,125188.131792385,14862092.9622384,648790.215192812,5.91754812575951e-06
0.0188188013734714,0.189316854510634,-0.995824172100125,46084.7026540028,7483767.0169886,47977.912322239,5.45162720753344e-05
0.0369825858492515,0.200015233916931,-0.989988716961812,53179.242011971,3752653.41017887,-23277.8748368016,5.69253994590759e-05
0.0586691373014376,0.209624731346379,-0.991133817707965,68706.8419905683,861356.841029953,-36240.2650879411,6.03855093020053e-05
0.0609161075926592,0.228942199960881,-0.99142201792662,74599.3773069239,105878.024640137,-74401.741690652,7.02822424862083e-05
0.0453104026228463,0.219793841129547,-0.989850821366208,49745.8559545638,2764069.24546975,-40537.184930845,6.6088718855035e-05
0.0264196097686825,0.21073492803443,-0.992406523915426,-41541.1914594983,5814192.23601662,67166.424211984,6.35309703724345e-05
0.0188276371404816,0.229316411563194,-0.995838605051158,21451.4490478222,6030498.15021797,43314.7197981107,7.42542600861644e-05
0.0458922190024601,0.239999776640803,-0.990202503318065,17336.7597497631,2355148.92851134,-79109.3216298905,7.67245009644331e-05
0.0620306436216796,0.249982773642373,-0.992087510397264,20726.9125242063,279664.156399706,-61127.722393693,8.16752295801737e-05
0.0458027970562492,0.259919463401622,-0.990201663300174,61352.31557142,1940437.78127053,-16605.9040218438,8.77701153209432e-05
0.0315156036433651,0.25000000372529,-0.990883824445766,-4936.93833902758,4054215.96833994,36495.723465007,8.34723705590908e-05
0.016618207089345,0.24936161671345,-0.997897393212,63331.1434188588,5550780.19819741,29035.7060493939,8.52935115068888e-05
0.0187852167416557,0.269296823931945,-0.995762022134425,12676.908990355,4506148.61586457,33455.129971039,9.60090161252423e-05
0.02133369086852,0.289329609747783,-0.99421410426277,18048.7365450902,3957564.8747503,20931.2034518246,0.000107207963464638
0.0214538553616726,0.309284931083869,-0.994386807224972,-20009.0184109408,3207706.05973325,2875.15302711749,0.000119043851177415
0.0368249086403127,0.299910841355799,-0.990160479099256,-29218.2471622482,2000727.03199449,6043.32050916622,0.000111764135430074
0.0365632660274276,0.279948851699924,-0.989835138052329,-59379.8483008897,2394908.51163673,-22462.4821381804,9.99764556369778e-05
0.0507727714506353,0.289868526832951,-0.989632643859693,-39165.0940662559,970795.773949759,-12491.4055230588,0.000104903086899882
0.0513919915922444,0.309300211706837,-0.989972792963862,35628.1289239008,840088.941138099,10823.5085932414,0.00011659830074781
0.0372815816056868,0.31988740186148,-0.99027915017952,-13688.6841648782,1479630.72452832,15338.0075982838,0.000123874613279118
0.0378106782719439,0.340330975744787,-0.990728873902921,-1640.87792736024,999769.53468771,20695.9089354713,0.000136514809874482
0.0521966308879602,0.329268292901574,-0.990556610035517,5500.27230940206,524994.026693765,-8838.30441907828,0.000128880797975837
0.0233969822237292,0.330780235471164,-0.993896971878693,-8834.18078381027,2319299.07209148,12590.8810383137,0.000131919148599713
0.0264623947468368,0.349275375669421,-0.992877773237433,-47420.2541665007,1651984.2213769,-241.004276298103,0.0001430743737991
0.0368509448092344,0.360378954472211,-0.991109668257323,-43280.1467070914,675420.641758922,17262.1726823485,0.000149200082337007
0.0530488338740315,0.351161363967663,-0.991614521107568,22755.3975075226,355528.896608805,14193.7823583448,0.000142612099037429
0.0678147193980105,0.336614447268928,-0.993196084100324,-7104.90139137234,-295927.118793594,-14414.2493122027,0.000133342800505003
0.0668213123490455,0.31723878392711,-0.992673387377855,-3539.21941970666,-217645.325337668,-2980.35456870493,0.000121281993178519
0.0652881911932654,0.299211631361592,-0.992418915665305,-48995.8041541035,-306670.028403137,-13918.7386720973,0.000110277460633466
0.0648897181345412,0.280854701256963,-0.992211451437572,-5001.93014297696,-99539.461180385,-13211.4253484168,9.93132617764683e-05
0.0777974364042509,0.26295505465513,-0.995038691361124,-79243.8611161135,-1705154.74131514,-63566.7462444776,8.93618796132357e-05
0.0846738632872601,0.243819494664598,-0.99614204921099,-31595.4475369423,-2428871.99224298,-52246.5078915897,7.91392988689125e-05
0.101653764035815,0.250283664490073,-1.00035675582432,-85168.0920601083,-4294926.83152898,-15188.6876781266,8.44473912888196e-05
0.0918465098938734,0.278969852411423,-0.998396436117187,13334.4844026833,-2579768.11670875,4304.93457388901,9.95658538439033e-05
0.0818723295910432,0.303266309038342,-0.995742035223616,5229.92563949421,-1673177.47970464,-27754.5525560362,0.000113246069630527
0.0930475887093362,0.321974128881521,-0.998215620595472,-2492.5640103037,-1525095.83438632,-7608.78426193434,0.000125450562467414
0.0706197398050313,0.35781009281088,-0.99385976763188,-33303.2965572843,-295771.89031945,1537.48872603952,0.000146766968485479
0.0837957292894539,0.341795367274591,-0.996363965425879,-23211.7647604901,-1078390.62287289,-18669.086770982,0.000137133597026361
0.0895305112227554,0.358994903572406,-0.997838771719853,-20617.9232634442,-853876.378313444,14383.2849475006,0.000148307515775625
0.0793228724202063,0.376452243747471,-0.995766098292361,-73949.894017843,-262112.984075297,15685.6998612691,0.000158885497336239
0.0498657285614485,0.372410052381587,-0.990662460924063,-98436.4146827736,187642.203280885,1823.43054204553,0.00015622534478931
0.0356466314276346,0.378827050314293,-0.991314682880098,-216277.351282968,348860.040428138,-1322.69584154461,0.000161037684597591
0.0609116133833401,0.388474711127464,-0.99237268677381,-277101.073433036,13569.9641853886,3640.25344017977,0.000166292461751128
0.0990336194404924,0.376127362672049,-1.0002686430154,58617.0080877057,-570524.386615499,43721.8066179038,0.000159840765759823
0.108948577610362,0.331312279554953,-1.00246203536281,-16241.6916222828,-2325252.50312745,-32437.2711211805,0.00013284378904369
0.108569012983424,0.31048508990696,-1.00221580895492,55388.8982385684,-3019666.90219554,-7693.67700331158,0.000120135572164701
0.108411544214484,0.29001751836125,-1.0021748723242,32223.4935678535,-3698325.51344327,-25922.2387360011,0.000107959320568413
0.109490265440248,0.269928891134609,-1.00233336964169,72448.2980018349,-4843090.28396999,-23132.1328434886,9.65061329513804e-05
0.0612472854094306,0.185755979066469,-1.00519730225105,52588.5377866507,200479.453303371,-13197.3278563244,4.87496528043939e-05
0.046046712120403,0.178599172718914,-1.00706982651502,63551.8852273221,2920102.20122326,-40102.9953925757,4.61412119302695e-05
0.0318283233903208,0.16992946627068,-1.00631484632547,30382.6646516791,5642261.98321923,-25840.365429474,4.38188097137424e-05
0.0320421437193123,0.189651675025966,-1.00630041054677,-10203.5817237997,5199621.59050232,-40673.1466057487,5.26804895936776e-05
0.0320708239323292,0.209594749889817,-1.00623407707893,-5966.68836676783,4786921.15870781,-2748.14394542854,6.22837081919682e-05
0.0462697339934823,0.19816901236428,-1.00693723291897,53902.7177748223,2898399.31498839,22778.7408882693,5.52600511787088e-05
0.0607016802052369,0.205792770495809,-1.00575517445412,24818.8607455828,287285.15544198,70615.7449272691,5.84020470820383e-05
0.0460560443786871,0.218531803140431,-1.00657564832484,86784.1520735886,2357018.13887834,5814.70752903342,6.54378825773406e-05
0.032092081019488,0.22982262161489,-1.00587243697575,-13238.8570567573,4110834.30528263,-41660.890353238,7.26415078060913e-05
0.0321484631635426,0.250081166151129,-1.00589340911346,-34285.6243707777,3731890.99337554,-28104.8256192997,8.35351511510626e-05
0.0462813138171924,0.239845914675843,-1.00614721134125,-19450.1958796882,2116289.76809576,-39772.6675406989,7.66508520835046e-05
0.021695949578999,0.36926275984428,-0.994762616748888,-50185.2423953185,1104293.84880965,37246.615285533,0.000156148228622252
0.0318447763104465,0.270089189362532,-1.00613334634613,-41958.0135226086,3351544.56011578,-10357.8588561767,9.48009038563946e-05
0.0464034776034454,0.261168716138442,-1.00662035476037,53448.6887799833,1956924.35154778,-4619.58131283917,8.84607616759738e-05
0.0613935338425483,0.273670838083858,-1.00516326417713,63070.9723805178,252780.700866964,34350.7258623991,9.51143314558509e-05
0.0458602634385484,0.281054740737079,-1.00703403848673,-2187.28914338702,1678095.99800434,13143.5569323675,9.99519866579719e-05
0.0311863324304887,0.289892142991327,-1.00594128762693,-29392.014823533,2877040.36998595,23042.1653915086,0.000106380113806841
0.0642606215125268,0.381627679198866,-1.01002698021328,-153317.550312509,-58879.4326149317,8923.89539079783,0.000161867699602054
0.0447259245522813,0.376460455947403,-1.00629488196545,-238829.200336239,228533.179199328,-28793.9673240447,0.000159033607626948
0.0543847327941008,0.359197954108853,-1.0057237904697,-9891.35236589218,232630.171275608,4365.94542576736,0.000147661164712932
0.0524747581881213,0.337750127018672,-1.00639367318867,30001.2807331348,417649.685737712,-13699.9783834532,0.000134167969935706
0.0383495916002615,0.360090215605828,-1.00602851054297,-55882.6293780301,750343.750768722,6799.96277783264,0.000148941081841698
0.0297025926123497,0.385953195886334,-1.00463844362982,-255089.460979723,408510.866889361,-65260.5271517076,0.000166064808040808
0.0317196432136867,0.310376528363799,-1.00596419815937,-15961.9513176482,2280168.5285169,21516.1163741648,0.000118576927154668
0.0440984788836471,0.299718324248195,-1.00690478549882,81269.666998762,1637522.99806026,21883.0258493745,0.000111165794443652
0.0596283956863748,0.293758673592302,-1.00614451868456,-10521.2463042001,212898.829159432,20811.7950848263,0.000106965606473518
0.0759280027492272,0.288862379925448,-1.00330728288236,62829.3624712999,-1081890.68512523,9705.85838285263,0.000104282932342159
0.0467866013891427,0.319078076572185,-1.00699233095273,12845.3541649526,924175.545683015,-4497.29580591567,0.000122800909989382
0.0379606024483014,0.340811118647502,-1.00576651506933,-21005.9043206185,1109473.31485824,-12485.2907473247,0.000136818047971765
0.104374276055107,0.0522179827918538,-0.999664807792778,-111660.63951297,-9444747.19403153,158844.822544315,7.99584239293804e-06
0.0637322312296134,0.0584576290020158,-0.989825817522418,86017.4910717396,60752.7083235544,161083.225402915,5.90509470836717e-06
0.0291697065984107,0.0355922421722345,-0.988444866037493,121040.232076451,9641111.15649523,285121.321643028,4.23480296685831e-06
0.0739413944633615,0.0798947046459782,-1.00680314943643,-20785.9445085943,-2276629.9390631,114313.485284939,1.06990307970196e-05
0.0309393139093877,0.174558627786631,-0.988701716502984,2799.09176023188,5443797.63988077,-5444.97214174177,4.58579925067768e-05
0.0692844342401523,0.106150361757423,-1.00510973202922,52831.4379432813,-1686409.47774444,8665.15295269061,1.78154090872073e-05
0.067289566648662,0.126297800530518,-1.00460397781922,-51938.703568288,-1311086.86726163,67202.3909406393,2.44188887712923e-05
0.0764825612084656,0.171082421953732,-1.00312022890868,64210.9364252526,-1328704.35992881,113186.905616602,4.25336321250578e-05
0.0303634153549892,0.234967445368297,-0.988852386181841,-46090.2959328365,4089343.02704595,-56273.5606238907,7.54678777150753e-05
0.0907297560312052,0.260056840148903,-1.00054476822543,-3404.92367687746,-2917634.13652136,-56941.9228840824,8.86295352217362e-05
0.105957994297641,0.347906450257084,-0.999985471277958,-55858.5869498488,-1528239.63651378,-4878.87591878569,0.000142778999083395
0.018419673223846,0.205364655566416,-1.00396080159005,782.14371992345,7304227.73519357,51815.2900817203,6.22877529417494e-05
0.0648235584869093,0.225678296296767,-1.00619865524394,-6534.29252675468,-49339.3200614272,30833.0664525897,6.85349089469007e-05
0.0814030151633398,0.210662171994154,-1.0050957906522,42872.880838437,-2525910.84312746,83627.6300376529,6.14070470114173e-05
0.0677497316493144,0.246020296045372,-1.00459078043584,33027.3787132274,-555955.169265018,-54598.4836708092,7.94658866931352e-05
0.071656934633041,0.327459256593583,-1.00756795259843,-33720.7753409827,-381530.968231524,-11064.3686837006,0.000127650356766641
0.0141568183588642,0.300468065113207,-1.00368182001826,-13965.4380318839,3676895.32110819,47915.2699411684,0.000114890470627729
0.0718905495545695,0.312360245991588,-1.00594745919312,-100877.788633649,-501960.831378723,10978.0035749516,0.000118338435520359
0.0581815189392293,0.0274406676218169,-0.991827394480039,385509.641630644,1370814.28475662,191924.957126761,1.50276742178512e-06
0.0544444902648956,0.108490729280093,-0.985642926242152,-29270.9880616516,1275302.57757278,-9606.52432563627,1.86795933753938e-05
0.0622663235186524,0.167213064943709,-1.01245522476634,165139.743498603,731931.281209467,136890.366516235,4.04601307181719e-05
0.123582219810189,0.110627058923166,-0.999367395350911,131128.989527881,-13141548.1593063,88897.699081976,2.66376348618215e-05
0.144062332996417,0.270049589676954,-1.0007862535629,-46522.5303211979,-8197421.03808435,-39997.3511363277,0.000103812205463136
0.143864602392507,0.189958361004274,-1.00111181150818,-8969.49487808649,-13363982.2970997,-127356.79500321,6.3178359397792e-05
0.146616162380252,0.375440898930719,-1.00049623009577,151909.239048875,-1725630.6430848,54646.5178484052,0.000166071774319308
0.140960228252231,0.0400000005960464,-0.999795532463406,35370.2532310379,-20825176.3331066,-74435.427303127,1.01604105382698e-05
0.142686192892137,0.129887573012977,-1.0010178950246,55742.6123321338,-16889605.5719074,-105016.093210747,3.79712603879394e-05
0.143945550727266,0.0899667413252552,-1.00125436593244,52746.5749861305,-19380518.6283468,-123694.863049839,2.47880385351691e-05
0.143864310227843,0.169958434548158,-1.00111263266276,50703.2996239169,-14493048.4130632,-27773.1064130543,5.43240463119519e-05
0.146937157921303,0.296120248102504,-1.00044754459792,193976.553823859,-6682851.08801547,72235.4332880536,0.000119142732027447
0.14386079329675,0.149958170549818,-1.0011207150672,-20566.5364143783,-15993677.3609975,-145342.777239635,4.60151825662987e-05
0.144819117206902,0.0699436366074286,-1.0006711604074,-52797.6846831334,-20766351.0704522,-178145.219980903,1.89244103317396e-05
0.144182930600331,0.109918538633404,-1.00128494548907,55247.3685723119,-18124311.3309882,-111570.719518633,3.1315574392097e-05
0.145598851214398,0.00970059050586801,-1.00089822460529,-6296354.84363779,-28395257.5669712,-5752732.70957517,2.74147575845667e-06
0.146366591651389,0.350096850215515,-1.00087142401707,-32002.487253685,-3328016.71614581,-35422.7447679394,0.000150674695975015
0.146968018752225,0.219730417961977,-1.00053942004792,12978.4217228098,-11912786.1198491,-29676.4124811608,7.81827113691827e-05
0.146317004302666,0.329231780902643,-1.00054090595318,-77397.4014424906,-4788570.25460594,-169564.355618697,0.000138247173081085
0.143860989373272,0.249958103208889,-1.00112016558876,7635.61416597222,-9587841.34570145,-41081.0744756903,9.28762580519684e-05
